gage,threshold,wet_DateTime,q,rewetting_event,weting_subevent,inital_rewetting_rate,p_value_i,rewetting_rate,p_value,sample_rate
2264000,0.25,1999-06-26T22:00:00Z,0,20,0,0.09071433881091653,0.8112053208952021,0.09071433881091653,0.8112053208952021,1
2264000,0.25,1999-06-27T04:00:00Z,0.3,20,1,0.09071433881091653,0.8112053208952021,0.09071433881091653,0.8112053208952021,1
2264000,0.25,1999-09-15T02:00:00Z,0,21,0,-0.541127743176838,0.12556963557975873,-0.541127743176838,0.12556963557975873,1
2264000,0.25,1999-09-15T13:00:00Z,0.5,21,1,-0.541127743176838,0.12556963557975873,-0.541127743176838,0.12556963557975873,1
2264000,0.25,2000-07-09T04:00:00Z,0,22,0,0.013677249846196317,0.44668473701645495,0.024381463263219456,0.0151051302403491,1
2264000,0.25,2000-07-27T06:00:00Z,0.2,22,1,0.013677249846196317,0.44668473701645495,0.024381463263219456,0.0151051302403491,1
2264000,0.25,2000-07-29T03:00:00Z,0.2,22,2,0.013677249846196317,0.44668473701645495,0.024381463263219456,0.0151051302403491,1
2264000,0.25,2000-07-12T04:00:00Z,0.1,23,0,0.0019458400516273312,0.9111795839007595,0.019643970147885142,0.03081449149922755,1
2264000,0.25,2000-07-27T02:00:00Z,0.2,23,1,0.0019458400516273312,0.9111795839007595,0.019643970147885142,0.03081449149922755,1
2264000,0.25,2000-07-29T03:00:00Z,0.2,23,2,0.0019458400516273312,0.9111795839007595,0.019643970147885142,0.03081449149922755,1
2264000,0.25,2006-06-20T22:00:00Z,0,26,0,0.13399282039138516,0.4081582068554265,0.07786772690309021,0.018280167164610252,1
2264000,0.25,2006-06-21T12:00:00Z,0.1,26,1,0.13399282039138516,0.4081582068554265,0.07786772690309021,0.018280167164610252,1
2264000,0.25,2006-06-25T05:00:00Z,0.2,26,2,0.13399282039138516,0.4081582068554265,0.07786772690309021,0.018280167164610252,1
2264000,0.25,2006-06-26T10:00:00Z,0.4,26,3,0.13399282039138516,0.4081582068554265,0.07786772690309021,0.018280167164610252,1
2264000,0.25,2006-12-15T09:00:00Z,0,27,0,0.09744932392100661,0.44175482778947617,0.13699856699366994,1.1780069267897506e-5,1
2264000,0.25,2006-12-16T03:00:00Z,0.1,27,1,0.09744932392100661,0.44175482778947617,0.13699856699366994,1.1780069267897506e-5,1
2264000,0.25,2006-12-23T16:00:00Z,0.4,27,2,0.09744932392100661,0.44175482778947617,0.13699856699366994,1.1780069267897506e-5,1
2264000,0.25,2007-06-24T06:00:00Z,0,28,0,0.05955236461839342,0.3243747105262055,0.036325975658054364,0.12916136408067283,1
2264000,0.25,2007-06-25T18:00:00Z,0.1,28,1,0.05955236461839342,0.3243747105262055,0.036325975658054364,0.12916136408067283,1
2264000,0.25,2007-07-03T08:00:00Z,0.1,28,2,0.05955236461839342,0.3243747105262055,0.036325975658054364,0.12916136408067283,1
2264000,0.25,2007-08-24T18:00:00Z,0,29,0,0.28471298239519244,0.30447528204128677,0.28471298239519244,0.30447528204128677,1
2264000,0.25,2007-08-25T02:00:00Z,0.9,29,1,0.28471298239519244,0.30447528204128677,0.28471298239519244,0.30447528204128677,1
2264000,0.25,2008-01-12T20:00:00Z,0,30,0,0.13399282039138533,0.45330149202694736,0.10038083482260118,0.08332769060287298,1
2264000,0.25,2008-01-13T09:00:00Z,0.1,30,1,0.13399282039138533,0.45330149202694736,0.10038083482260118,0.08332769060287298,1
2264000,0.25,2008-01-14T03:00:00Z,0.2,30,2,0.13399282039138533,0.45330149202694736,0.10038083482260118,0.08332769060287298,1
2264000,0.25,2008-01-17T17:00:00Z,0.3,30,3,0.13399282039138533,0.45330149202694736,0.10038083482260118,0.08332769060287298,1
2264000,0.25,2009-05-20T07:00:00Z,0,32,0,0.8670745488613334,1.950963834677768e-4,0.8670745488613334,1.950963834677768e-4,1
2264000,0.25,2009-05-20T22:00:00Z,7.6,32,1,0.8670745488613334,1.950963834677768e-4,0.8670745488613334,1.950963834677768e-4,1
2264000,0.25,2010-01-16T05:00:00Z,3.1,33,0,5.272144943511728,2.241550327939168e-6,5.272144943511728,2.241550327939168e-6,1
2264000,0.25,2010-01-17T10:00:00Z,3.6,33,1,5.272144943511728,2.241550327939168e-6,5.272144943511728,2.241550327939168e-6,1
2264000,0.25,2011-06-29T20:00:00Z,0,34,0,0.04249821890801243,0.9813717757740968,0.04249821890801243,0.9813717757740968,1
2264000,0.25,2011-06-29T23:00:00Z,2.1,34,1,0.04249821890801243,0.9813717757740968,0.04249821890801243,0.9813717757740968,1
2264000,0.25,2013-05-03T23:45:00Z,0,36,0,0.0677559696531009,0.4349780631754052,0.007951106976245107,0.8239136224743014,0.25
2264000,0.25,2013-05-04T07:00:00Z,0.2,36,1,0.0677559696531009,0.4349780631754052,0.007951106976245107,0.8239136224743014,0.25
2264000,0.25,2013-05-04T13:30:00Z,0.3,36,2,0.0677559696531009,0.4349780631754052,0.007951106976245107,0.8239136224743014,0.25
2264000,0.25,2013-05-05T00:30:00Z,0.4,36,3,0.0677559696531009,0.4349780631754052,0.007951106976245107,0.8239136224743014,0.25
2264000,0.25,2015-06-23T21:45:00Z,0,37,0,0.09744932392100815,0.3071213217886077,0.3407818051937018,7.749342458244853e-26,0.25
2264000,0.25,2015-06-24T03:30:00Z,0.1,37,1,0.09744932392100815,0.3071213217886077,0.3407818051937018,7.749342458244853e-26,0.25
2264000,0.25,2015-06-25T01:15:00Z,0.2,37,2,0.09744932392100815,0.3071213217886077,0.3407818051937018,7.749342458244853e-26,0.25
2264000,0.25,2015-06-25T08:00:00Z,0.3,37,3,0.09744932392100815,0.3071213217886077,0.3407818051937018,7.749342458244853e-26,0.25
2264000,0.25,2015-06-26T00:30:00Z,8.5,37,4,0.09744932392100815,0.3071213217886077,0.3407818051937018,7.749342458244853e-26,0.25
2264000,0.25,2017-06-03T19:15:00Z,0,38,0,0.02143885126262155,0.3197732875085895,-0.010909509716757278,0.3232597451442055,0.25
2264000,0.25,2017-06-04T20:15:00Z,0.1,38,1,0.02143885126262155,0.3197732875085895,-0.010909509716757278,0.3232597451442055,0.25
2264000,0.25,2017-06-07T03:30:00Z,0.1,38,2,0.02143885126262155,0.3197732875085895,-0.010909509716757278,0.3232597451442055,0.25
2264000,0.25,2017-06-08T05:30:00Z,0.1,38,3,0.02143885126262155,0.3197732875085895,-0.010909509716757278,0.3232597451442055,0.25
2264000,0.25,2017-06-12T05:15:00Z,0.3,38,4,0.02143885126262155,0.3197732875085895,-0.010909509716757278,0.3232597451442055,0.25
2264000,0.25,2018-04-10T12:15:00Z,0,39,0,0.07728343813470445,0.29339322902114484,0.08289895618148743,0.09160176603531206,0.25
2264000,0.25,2018-04-10T18:45:00Z,0.3,39,1,0.07728343813470445,0.29339322902114484,0.08289895618148743,0.09160176603531206,0.25
2264000,0.25,2018-04-11T09:15:00Z,0.4,39,2,0.07728343813470445,0.29339322902114484,0.08289895618148743,0.09160176603531206,0.25
2264000,0.25,2018-05-17T06:00:00Z,0,40,0,0.05641802963847799,0.3516061431550217,0.05641802963847799,0.3516061431550217,0.25
2264000,0.25,2018-05-17T15:00:00Z,0.1,40,1,0.05641802963847799,0.3516061431550217,0.05641802963847799,0.3516061431550217,0.25
2264000,0.25,2020-05-31T04:00:00Z,0.1,41,0,NA,NA,0.01011706816306987,0.7843143825009177,0.25
2264000,0.25,2020-05-31T10:00:00Z,0.2,41,1,NA,NA,0.01011706816306987,0.7843143825009177,0.25
2264000,0.25,2020-06-01T12:45:00Z,0.2,41,2,NA,NA,0.01011706816306987,0.7843143825009177,0.25
2264000,0.25,2020-06-02T15:30:00Z,0.2,41,3,NA,NA,0.01011706816306987,0.7843143825009177,0.25
2264000,0.25,2020-06-03T10:45:00Z,0.2,41,4,NA,NA,0.01011706816306987,0.7843143825009177,0.25
2264000,0.25,2021-06-16T03:45:00Z,0,42,0,0.024928896817000598,0.33184122069828337,0.09889063715902795,1.4079284849342385e-21,0.25
2264000,0.25,2021-06-17T00:45:00Z,0.1,42,1,0.024928896817000598,0.33184122069828337,0.09889063715902795,1.4079284849342385e-21,0.25
2264000,0.25,2021-06-23T07:45:00Z,0.5,42,2,0.024928896817000598,0.33184122069828337,0.09889063715902795,1.4079284849342385e-21,0.25
2264000,0.25,2023-04-23T04:00:00Z,0.1,43,0,-0.050431732199360285,0.28795246164972854,0.07893505244355371,7.350030818119467e-5,0.25
2264000,0.25,2023-04-24T14:45:00Z,0.1,43,1,-0.050431732199360285,0.28795246164972854,0.07893505244355371,7.350030818119467e-5,0.25
2264000,0.25,2023-04-24T23:00:00Z,0.4,43,2,-0.050431732199360285,0.28795246164972854,0.07893505244355371,7.350030818119467e-5,0.25
2264000,0.25,2023-04-26T00:30:00Z,1.1,43,3,-0.050431732199360285,0.28795246164972854,0.07893505244355371,7.350030818119467e-5,0.25
2264000,0.25,2023-06-24T19:45:00Z,0,44,0,0.036963536659692604,0.34847131941305576,0.03641337164578657,0.008065619135451455,0.25
2264000,0.25,2023-06-25T09:30:00Z,0.1,44,1,0.036963536659692604,0.34847131941305576,0.03641337164578657,0.008065619135451455,0.25
2264000,0.25,2023-06-26T11:45:00Z,0.1,44,2,0.036963536659692604,0.34847131941305576,0.03641337164578657,0.008065619135451455,0.25
2264000,0.25,2023-06-29T06:00:00Z,0.4,44,3,0.036963536659692604,0.34847131941305576,0.03641337164578657,0.008065619135451455,0.25
2266200,0.25,1997-06-01T15:00:00Z,0,69,0,0.09875356050112268,0.8085979894639148,0.5752307829896721,0.008590419795795962,1
2266200,0.25,1997-06-01T22:00:00Z,0.2,69,1,0.09875356050112268,0.8085979894639148,0.5752307829896721,0.008590419795795962,1
2266200,0.25,1997-06-02T18:00:00Z,0.4,69,2,0.09875356050112268,0.8085979894639148,0.5752307829896721,0.008590419795795962,1
2266200,0.25,1998-07-19T21:00:00Z,0,70,0,0.15250504210454482,0.6410839131038399,-0.0014530124372895224,0.989758321567545,1
2266200,0.25,1998-07-20T07:00:00Z,0.2,70,1,0.15250504210454482,0.6410839131038399,-0.0014530124372895224,0.989758321567545,1
2266200,0.25,1998-07-20T18:00:00Z,0.3,70,2,0.15250504210454482,0.6410839131038399,-0.0014530124372895224,0.989758321567545,1
2266200,0.25,1998-07-21T11:00:00Z,0.4,70,3,0.15250504210454482,0.6410839131038399,-0.0014530124372895224,0.989758321567545,1
2266200,0.25,1998-09-17T17:00:00Z,0,71,0,4.1982852724161805,NA,1.0055767639904933,0.06547492245930554,1
2266200,0.25,1998-09-17T19:00:00Z,0.3,71,1,4.1982852724161805,NA,1.0055767639904933,0.06547492245930554,1
2266200,0.25,1998-09-18T00:00:00Z,1.4,71,2,4.1982852724161805,NA,1.0055767639904933,0.06547492245930554,1
2266200,0.25,1999-09-26T19:00:00Z,0,73,0,0.2679856407827707,0.6850376424742924,0.1880278648199403,0.009252676200653879,1
2266200,0.25,1999-09-27T00:00:00Z,0.1,73,1,0.2679856407827707,0.6850376424742924,0.1880278648199403,0.009252676200653879,1
2266200,0.25,1999-09-28T15:00:00Z,0.9,73,2,0.2679856407827707,0.6850376424742924,0.1880278648199403,0.009252676200653879,1
2266200,0.25,2004-06-08T20:00:00Z,0,76,0,0.7833353516504037,0.22376442425848692,1.2749402593949377,8.160208761776163e-16,1
2266200,0.25,2004-06-08T23:00:00Z,0.7,76,1,0.7833353516504037,0.22376442425848692,1.2749402593949377,8.160208761776163e-16,1
2266200,0.25,2004-06-11T00:00:00Z,1.5,76,2,0.7833353516504037,0.22376442425848692,1.2749402593949377,8.160208761776163e-16,1
2266200,0.25,2006-12-24T19:00:00Z,0,78,0,0.027485706746951086,0.4470718637173442,0.01726920776003696,0.26838772013083817,1
2266200,0.25,2006-12-27T09:00:00Z,0.1,78,1,0.027485706746951086,0.4470718637173442,0.01726920776003696,0.26838772013083817,1
2266200,0.25,2007-01-04T09:00:00Z,0.2,78,2,0.027485706746951086,0.4470718637173442,0.01726920776003696,0.26838772013083817,1
2266200,0.25,2007-01-26T05:00:00Z,0.4,79,0,3.8712875014207406,8.49795047441569e-122,3.8712875014207406,8.49795047441569e-122,1
2266200,0.25,2007-01-26T15:00:00Z,0.5,79,1,3.8712875014207406,8.49795047441569e-122,3.8712875014207406,8.49795047441569e-122,1
2266200,0.25,2008-08-25T16:00:00Z,0,80,0,1.0657485250405587,2.0546298688037842e-8,1.0657485250405587,2.0546298688037842e-8,0.5
2266200,0.25,2008-08-26T01:00:00Z,0.1,80,1,1.0657485250405587,2.0546298688037842e-8,1.0657485250405587,2.0546298688037842e-8,0.5
2266200,0.25,2009-07-10T05:00:00Z,20.4,81,0,-12.099734769220579,0.6036450565101361,0.16250074835870915,0.9889044733886072,1
2266200,0.25,2009-07-10T13:00:00Z,19.9,81,1,-12.099734769220579,0.6036450565101361,0.16250074835870915,0.9889044733886072,1
2266200,0.25,2009-07-10T19:00:00Z,19.4,81,2,-12.099734769220579,0.6036450565101361,0.16250074835870915,0.9889044733886072,1
2266200,0.25,2009-07-10T21:00:00Z,19.4,81,3,-12.099734769220579,0.6036450565101361,0.16250074835870915,0.9889044733886072,1
2266200,0.25,2009-07-11T01:00:00Z,20.4,81,4,-12.099734769220579,0.6036450565101361,0.16250074835870915,0.9889044733886072,1
2266200,0.25,2009-12-02T09:00:00Z,0,82,0,-0.025892332442780122,0.8395646390968474,-0.02036212313340926,0.5083675158743637,1
2266200,0.25,2009-12-03T17:00:00Z,0.1,82,1,-0.025892332442780122,0.8395646390968474,-0.02036212313340926,0.5083675158743637,1
2266200,0.25,2009-12-07T11:00:00Z,0.2,82,2,-0.025892332442780122,0.8395646390968474,-0.02036212313340926,0.5083675158743637,1
2266200,0.25,2009-12-11T04:00:00Z,0.3,82,3,-0.025892332442780122,0.8395646390968474,-0.02036212313340926,0.5083675158743637,1
2266200,0.25,2011-07-06T15:00:00Z,0,83,0,0.40201278141432367,3.101311339680003e-5,0.09212771471480918,5.416335576923256e-4,1
2266200,0.25,2011-07-08T20:00:00Z,0.1,83,1,0.40201278141432367,3.101311339680003e-5,0.09212771471480918,5.416335576923256e-4,1
2266200,0.25,2011-07-18T15:00:00Z,0.2,83,2,0.40201278141432367,3.101311339680003e-5,0.09212771471480918,5.416335576923256e-4,1
2266200,0.25,2011-07-21T01:00:00Z,0.2,83,3,0.40201278141432367,3.101311339680003e-5,0.09212771471480918,5.416335576923256e-4,1
2266200,0.25,2011-08-07T01:00:00Z,0.2,83,4,0.40201278141432367,3.101311339680003e-5,0.09212771471480918,5.416335576923256e-4,1
2266200,0.25,2011-08-11T01:00:00Z,0.2,83,5,0.40201278141432367,3.101311339680003e-5,0.09212771471480918,5.416335576923256e-4,1
2266200,0.25,2011-08-13T21:00:00Z,0.2,83,6,0.40201278141432367,3.101311339680003e-5,0.09212771471480918,5.416335576923256e-4,1
2266200,0.25,2012-06-06T05:00:00Z,0.1,84,0,0.47897042824453556,5.209169227954092e-4,0.7234348149793252,6.200070999652964e-18,0.5
2266200,0.25,2012-06-06T21:00:00Z,0.3,84,1,0.47897042824453556,5.209169227954092e-4,0.7234348149793252,6.200070999652964e-18,0.5
2266200,0.25,2012-06-07T23:30:00Z,1.4,84,2,0.47897042824453556,5.209169227954092e-4,0.7234348149793252,6.200070999652964e-18,0.5
2266200,0.25,2013-03-24T04:00:00Z,0,85,0,0.15056727262303146,0.00875800045226518,0.09043215292344384,5.662689981918416e-4,0.5
2266200,0.25,2013-03-25T04:00:00Z,0.3,85,1,0.15056727262303146,0.00875800045226518,0.09043215292344384,5.662689981918416e-4,0.5
2266200,0.25,2013-03-31T12:30:00Z,0.1,85,2,0.15056727262303146,0.00875800045226518,0.09043215292344384,5.662689981918416e-4,0.5
2266200,0.25,2013-04-21T07:00:00Z,0,86,0,0.0334982050978467,0.34537520507321284,0.03466797920959335,0.00741274678705555,0.5
2266200,0.25,2013-04-22T13:30:00Z,0.1,86,1,0.0334982050978467,0.34537520507321284,0.03466797920959335,0.00741274678705555,0.5
2266200,0.25,2013-04-24T02:30:00Z,0.1,86,2,0.0334982050978467,0.34537520507321284,0.03466797920959335,0.00741274678705555,0.5
2266200,0.25,2013-04-30T16:30:00Z,0.1,86,3,0.0334982050978467,0.34537520507321284,0.03466797920959335,0.00741274678705555,0.5
2266200,0.25,2013-05-29T21:30:00Z,0,87,0,0.22665126178593795,0.0324102660325018,0.13561097719032827,1.1070892274205951e-10,0.5
2266200,0.25,2013-05-30T12:30:00Z,0.1,87,1,0.22665126178593795,0.0324102660325018,0.13561097719032827,1.1070892274205951e-10,0.5
2266200,0.25,2013-06-05T05:30:00Z,0.1,87,2,0.22665126178593795,0.0324102660325018,0.13561097719032827,1.1070892274205951e-10,0.5
2266200,0.25,2013-06-06T17:00:00Z,0.4,87,3,0.22665126178593795,0.0324102660325018,0.13561097719032827,1.1070892274205951e-10,0.5
2266200,0.25,2017-05-31T20:30:00Z,0,88,0,0.02977618230919633,0.6428430590701426,0.010592077811677187,0.31866466046532155,0.5
2266200,0.25,2017-06-01T08:00:00Z,0.1,88,1,0.02977618230919633,0.6428430590701426,0.010592077811677187,0.31866466046532155,0.5
2266200,0.25,2017-06-03T00:15:00Z,0.2,88,2,0.02977618230919633,0.6428430590701426,0.010592077811677187,0.31866466046532155,0.5
2266200,0.25,2017-06-04T08:45:00Z,0.2,88,3,0.02977618230919633,0.6428430590701426,0.010592077811677187,0.31866466046532155,0.5
2266200,0.25,2017-06-05T10:15:00Z,0.2,88,4,0.02977618230919633,0.6428430590701426,0.010592077811677187,0.31866466046532155,0.5
2266200,0.25,2017-06-07T02:30:00Z,0.3,88,5,0.02977618230919633,0.6428430590701426,0.010592077811677187,0.31866466046532155,0.5
2266200,0.25,2017-06-07T19:00:00Z,0.4,88,6,0.02977618230919633,0.6428430590701426,0.010592077811677187,0.31866466046532155,0.5
2266200,0.25,2020-05-22T17:00:00Z,0,89,0,0.05872437132456277,0.24342574188615831,0.03249407820429866,0.200768284522877,0.25
2266200,0.25,2020-05-23T02:45:00Z,0.2,89,1,0.05872437132456277,0.24342574188615831,0.03249407820429866,0.200768284522877,0.25
2266200,0.25,2020-05-23T13:30:00Z,0.2,89,2,0.05872437132456277,0.24342574188615831,0.03249407820429866,0.200768284522877,0.25
2266200,0.25,2020-05-25T19:30:00Z,0.3,89,3,0.05872437132456277,0.24342574188615831,0.03249407820429866,0.200768284522877,0.25
2266200,0.25,2020-05-26T12:45:00Z,0.3,89,4,0.05872437132456277,0.24342574188615831,0.03249407820429866,0.200768284522877,0.25
2266200,0.25,2021-06-14T16:30:00Z,0,90,0,0.09670885283943371,0.46022529968403514,0.07121056058197099,0.2891412356558464,1
2266200,0.25,2021-06-15T01:00:00Z,0.3,90,1,0.09670885283943371,0.46022529968403514,0.07121056058197099,0.2891412356558464,1
2266200,0.25,2021-06-15T11:30:00Z,0.3,90,2,0.09670885283943371,0.46022529968403514,0.07121056058197099,0.2891412356558464,1
2266200,0.25,2021-06-15T21:45:00Z,0.8,90,3,0.09670885283943371,0.46022529968403514,0.07121056058197099,0.2891412356558464,1
8052700,0.25,1995-07-21T06:15:00Z,0,140,0,0.07146283754207129,0.38149236914591256,0.03882854471710012,0.14079601858661328,0.25
8052700,0.25,1995-07-21T13:00:00Z,0.1,140,1,0.07146283754207129,0.38149236914591256,0.03882854471710012,0.14079601858661328,0.25
8052700,0.25,1995-07-22T15:45:00Z,0.4,140,2,0.07146283754207129,0.38149236914591256,0.03882854471710012,0.14079601858661328,0.25
8052700,0.25,1995-08-01T02:45:00Z,0,141,0,0.08008612192831918,0.3178364065623185,0.08008612192831918,0.3178364065623185,0.25
8052700,0.25,1995-08-01T09:45:00Z,1.8,141,1,0.08008612192831918,0.3178364065623185,0.08008612192831918,0.3178364065623185,0.25
8052700,0.25,1995-09-18T04:30:00Z,0,142,0,0.02895748490315843,0.5474897372364611,0.02895748490315843,0.5474897372364611,0.25
8052700,0.25,1995-09-18T19:00:00Z,1,142,1,0.02895748490315843,0.5474897372364611,0.02895748490315843,0.5474897372364611,0.25
8052700,0.25,1995-09-25T12:45:00Z,0,143,0,0.04830994287673502,0.48834200380357806,0.04830994287673502,0.48834200380357806,0.25
8052700,0.25,1995-09-25T21:15:00Z,0.4,143,1,0.04830994287673502,0.48834200380357806,0.04830994287673502,0.48834200380357806,0.25
8052700,0.25,1995-10-02T18:15:00Z,0,144,0,0.03339905713032053,0.46445826633570164,0.03339905713032053,0.46445826633570164,0.25
8052700,0.25,1995-10-03T06:45:00Z,0.4,144,1,0.03339905713032053,0.46445826633570164,0.03339905713032053,0.46445826633570164,0.25
8052700,0.25,1995-11-02T21:30:00Z,0,145,0,0.02630848029600679,0.5137482174180357,0.02630848029600679,0.5137482174180357,0.25
8052700,0.25,1995-11-03T12:00:00Z,0.6,145,1,0.02630848029600679,0.5137482174180357,0.02630848029600679,0.5137482174180357,0.25
8052700,0.25,1995-12-02T23:45:00Z,0,146,0,0.05359712815655439,0.36387811721820307,0.0014669919722124349,0.9450018307553918,0.25
8052700,0.25,1995-12-03T09:00:00Z,0.1,146,1,0.05359712815655439,0.36387811721820307,0.0014669919722124349,0.9450018307553918,0.25
8052700,0.25,1995-12-03T19:30:00Z,0.2,146,2,0.05359712815655439,0.36387811721820307,0.0014669919722124349,0.9450018307553918,0.25
8052700,0.25,1995-12-04T19:45:00Z,0.1,146,3,0.05359712815655439,0.36387811721820307,0.0014669919722124349,0.9450018307553918,0.25
8052700,0.25,1995-12-05T20:30:00Z,0.2,146,4,0.05359712815655439,0.36387811721820307,0.0014669919722124349,0.9450018307553918,0.25
8052700,0.25,1995-12-29T10:15:00Z,0,147,0,0.07146283754207129,0.38149236914591256,0.021642930600931132,0.3476120650595603,0.25
8052700,0.25,1995-12-29T17:00:00Z,0.1,147,1,0.07146283754207129,0.38149236914591256,0.021642930600931132,0.3476120650595603,0.25
8052700,0.25,1995-12-30T09:30:00Z,0.2,147,2,0.07146283754207129,0.38149236914591256,0.021642930600931132,0.3476120650595603,0.25
8052700,0.25,1995-12-31T02:15:00Z,0.3,147,3,0.07146283754207129,0.38149236914591256,0.021642930600931132,0.3476120650595603,0.25
8052700,0.25,1996-02-09T09:30:00Z,0,148,0,0.042877702525242964,0.2693485645391554,0.005157304187624869,0.6576532468554848,0.25
8052700,0.25,1996-02-09T23:30:00Z,0.1,148,1,0.042877702525242964,0.2693485645391554,0.005157304187624869,0.6576532468554848,0.25
8052700,0.25,1996-02-13T02:15:00Z,0.1,148,2,0.042877702525242964,0.2693485645391554,0.005157304187624869,0.6576532468554848,0.25
8052700,0.25,1996-02-13T20:15:00Z,0.2,148,3,0.042877702525242964,0.2693485645391554,0.005157304187624869,0.6576532468554848,0.25
8052700,0.25,1996-03-09T10:00:00Z,0,149,0,0.10719425631310883,0.42042093076855713,0.06609276882531977,0.382256930449836,0.25
8052700,0.25,1996-03-09T14:15:00Z,0.1,149,1,0.10719425631310883,0.42042093076855713,0.06609276882531977,0.382256930449836,0.25
8052700,0.25,1996-03-09T19:30:00Z,0.2,149,2,0.10719425631310883,0.42042093076855713,0.06609276882531977,0.382256930449836,0.25
8052700,0.25,1996-03-13T06:00:00Z,0,150,0,0.26798564078277076,0.2923519924402382,-0.0031011486145025896,0.9176903177425282,0.25
8052700,0.25,1996-03-13T08:15:00Z,0.1,150,1,0.26798564078277076,0.2923519924402382,-0.0031011486145025896,0.9176903177425282,0.25
8052700,0.25,1996-03-13T13:15:00Z,0.1,150,2,0.26798564078277076,0.2923519924402382,-0.0031011486145025896,0.9176903177425282,0.25
8052700,0.25,1996-03-14T11:30:00Z,0.2,150,3,0.26798564078277076,0.2923519924402382,-0.0031011486145025896,0.9176903177425282,0.25
8052700,0.25,1996-03-14T23:15:00Z,0.3,150,4,0.26798564078277076,0.2923519924402382,-0.0031011486145025896,0.9176903177425282,0.25
8052700,0.25,1996-04-03T06:00:00Z,0,151,0,0.6600687766575063,1.4917612088432453e-48,0.6584867081032233,2.4062398281520267e-49,0.25
8052700,0.25,1996-04-04T12:15:00Z,113,151,1,0.6600687766575063,1.4917612088432453e-48,0.6584867081032233,2.4062398281520267e-49,0.25
8052700,0.25,1996-04-19T05:45:00Z,0,152,0,0.049757512588201915,0.5381597054693605,0.022692565029811967,0.1291639353575393,0.25
8052700,0.25,1996-04-19T14:30:00Z,0.3,152,1,0.049757512588201915,0.5381597054693605,0.022692565029811967,0.1291639353575393,0.25
8052700,0.25,1996-04-22T04:00:00Z,0.1,152,2,0.049757512588201915,0.5381597054693605,0.022692565029811967,0.1291639353575393,0.25
8052700,0.25,1996-04-22T18:45:00Z,0.4,152,3,0.049757512588201915,0.5381597054693605,0.022692565029811967,0.1291639353575393,0.25
8052700,0.25,1996-04-22T05:00:00Z,0.1,153,0,0.031133336373796006,0.619220698701175,0.0923028505142992,0.007720580066557529,0.25
8052700,0.25,1996-04-22T18:15:00Z,0.4,153,1,0.031133336373796006,0.619220698701175,0.0923028505142992,0.007720580066557529,0.25
8052700,0.25,1996-04-23T15:15:00Z,1.2,153,2,0.031133336373796006,0.619220698701175,0.0923028505142992,0.007720580066557529,0.25
8052700,0.25,1996-06-01T15:45:00Z,0,154,0,0.2197937460986391,0.008281708483560885,0.07933812464399043,0.1761861258216366,0.25
8052700,0.25,1996-06-01T21:30:00Z,1.9,154,1,0.2197937460986391,0.008281708483560885,0.07933812464399043,0.1761861258216366,0.25
8052700,0.25,1996-06-02T03:00:00Z,2.3,154,2,0.2197937460986391,0.008281708483560885,0.07933812464399043,0.1761861258216366,0.25
8052700,0.25,1996-06-02T11:00:00Z,3.6,154,3,0.2197937460986391,0.008281708483560885,0.07933812464399043,0.1761861258216366,0.25
8052700,0.25,1996-06-07T06:15:00Z,0,155,0,0.5600277250023701,2.9182186803138556e-13,0.5600277250023701,2.9182186803138556e-13,0.25
8052700,0.25,1996-06-07T16:30:00Z,132,155,1,0.5600277250023701,2.9182186803138556e-13,0.5600277250023701,2.9182186803138556e-13,0.25
8052700,0.25,1996-07-12T23:30:00Z,0,156,0,0.23537375340298194,0.02480689965657876,0.23537375340298194,0.02480689965657876,0.25
8052700,0.25,1996-07-13T09:30:00Z,27,156,1,0.23537375340298194,0.02480689965657876,0.23537375340298194,0.02480689965657876,0.25
8052700,0.25,1996-08-01T21:45:00Z,0,157,0,0.2199736291953301,0.007234290986747229,0.2199736291953301,0.007234290986747229,0.25
8052700,0.25,1996-08-02T21:00:00Z,0.6,157,1,0.2199736291953301,0.007234290986747229,0.2199736291953301,0.007234290986747229,0.25
8052700,0.25,1996-08-27T10:45:00Z,0,158,0,0.03796392534992908,0.5423458457932873,0.03796392534992908,0.5423458457932873,0.25
8052700,0.25,1996-08-27T20:45:00Z,0.4,158,1,0.03796392534992908,0.5423458457932873,0.03796392534992908,0.5423458457932873,0.25
8052700,0.25,1996-09-13T15:30:00Z,0,159,0,0.46867130990733424,2.7525599145385953e-9,0.392813211059861,5.181122833387172e-15,0.25
8052700,0.25,1996-09-14T05:45:00Z,16,159,1,0.46867130990733424,2.7525599145385953e-9,0.392813211059861,5.181122833387172e-15,0.25
8052700,0.25,1996-09-14T17:15:00Z,4.2,159,2,0.46867130990733424,2.7525599145385953e-9,0.392813211059861,5.181122833387172e-15,0.25
8052700,0.25,1996-10-10T05:00:00Z,0.1,160,0,-0.00560075810101552,0.5207306713218363,-0.004806055250766993,0.3285267474428246,0.25
8052700,0.25,1996-10-15T13:00:00Z,0.1,160,1,-0.00560075810101552,0.5207306713218363,-0.004806055250766993,0.3285267474428246,0.25
8052700,0.25,1996-10-20T07:15:00Z,0.1,160,2,-0.00560075810101552,0.5207306713218363,-0.004806055250766993,0.3285267474428246,0.25
8052700,0.25,1997-06-10T02:15:00Z,0,162,0,0.3806004808716481,9.224567536098412e-11,0.3806004808716481,9.224567536098412e-11,0.25
8052700,0.25,1997-06-10T19:00:00Z,100,162,1,0.3806004808716481,9.224567536098412e-11,0.3806004808716481,9.224567536098412e-11,0.25
8052700,0.25,1997-08-07T14:45:00Z,0,164,0,0.4528132112759182,7.541944011220231e-7,0.4528132112759182,7.541944011220231e-7,0.25
8052700,0.25,1997-08-07T23:15:00Z,71,164,1,0.4528132112759182,7.541944011220231e-7,0.4528132112759182,7.541944011220231e-7,0.25
8052700,0.25,1997-08-22T12:45:00Z,0,165,0,0.17763974139405575,0.01132977229364365,0.11849609724493812,0.04994436765815257,0.25
8052700,0.25,1997-08-23T01:45:00Z,0.3,165,1,0.17763974139405575,0.01132977229364365,0.11849609724493812,0.04994436765815257,0.25
8052700,0.25,1997-08-23T14:45:00Z,0.3,165,2,0.17763974139405575,0.01132977229364365,0.11849609724493812,0.04994436765815257,0.25
8052700,0.25,1997-08-23T21:15:00Z,0.3,165,3,0.17763974139405575,0.01132977229364365,0.11849609724493812,0.04994436765815257,0.25
8052700,0.25,1998-04-05T03:30:00Z,0,167,0,0.07307216242269496,0.22782494015869337,0.07307216242269496,0.22782494015869337,0.25
8052700,0.25,1998-04-05T14:15:00Z,0.8,167,1,0.07307216242269496,0.22782494015869337,0.07307216242269496,0.22782494015869337,0.25
8052700,0.25,1998-04-12T00:30:00Z,0,168,0,0.0367894866836971,0.5184727464721126,0.0367894866836971,0.5184727464721126,0.25
8052700,0.25,1998-04-12T11:15:00Z,0.7,168,1,0.0367894866836971,0.5184727464721126,0.0367894866836971,0.5184727464721126,0.25
8052700,0.25,1998-04-16T13:00:00Z,0,169,0,0.04571361818346421,0.4087127785070337,0.04571361818346421,0.4087127785070337,0.25
8052700,0.25,1998-04-17T01:30:00Z,0.4,169,1,0.04571361818346421,0.4087127785070337,0.04571361818346421,0.4087127785070337,0.25
8052700,0.25,1998-04-27T02:45:00Z,0,170,0,0.09487124229244157,0.10970520306716791,0.040583482882830084,0.3928020170917019,0.25
8052700,0.25,1998-04-27T12:30:00Z,1.2,170,1,0.09487124229244157,0.10970520306716791,0.040583482882830084,0.3928020170917019,0.25
8052700,0.25,1998-04-28T02:00:00Z,1.9,170,2,0.09487124229244157,0.10970520306716791,0.040583482882830084,0.3928020170917019,0.25
8052700,0.25,1998-05-09T02:30:00Z,0,171,0,0.12290992083960706,0.028428619823422378,0.12111128930415194,0.014890262402496052,0.25
8052700,0.25,1998-05-09T13:15:00Z,3.7,171,1,0.12290992083960706,0.028428619823422378,0.12111128930415194,0.014890262402496052,0.25
8052700,0.25,1998-05-09T22:15:00Z,4.1,171,2,0.12290992083960706,0.028428619823422378,0.12111128930415194,0.014890262402496052,0.25
8052700,0.25,1998-10-18T01:15:00Z,0,173,0,0.4320958636674761,7.104919479483268e-9,0.4823063534957147,6.573575013575646e-13,0.25
8052700,0.25,1998-10-18T05:30:00Z,1.8,173,1,0.4320958636674761,7.104919479483268e-9,0.4823063534957147,6.573575013575646e-13,0.25
8052700,0.25,1998-10-18T14:00:00Z,67,173,2,0.4320958636674761,7.104919479483268e-9,0.4823063534957147,6.573575013575646e-13,0.25
8052700,0.25,1998-10-18T17:45:00Z,69,173,3,0.4320958636674761,7.104919479483268e-9,0.4823063534957147,6.573575013575646e-13,0.25
8052700,0.25,1998-11-01T11:15:00Z,0,174,0,0.18834648229077916,0.033964680470472276,0.1409003470412771,0.013887997621955176,0.25
8052700,0.25,1998-11-01T17:45:00Z,1.6,174,1,0.18834648229077916,0.033964680470472276,0.1409003470412771,0.013887997621955176,0.25
8052700,0.25,1998-11-02T02:45:00Z,3,174,2,0.18834648229077916,0.033964680470472276,0.1409003470412771,0.013887997621955176,0.25
8052700,0.25,1998-11-11T08:45:00Z,0,175,0,0.04829980980588666,0.51382328610224,0.04829980980588666,0.51382328610224,0.25
8052700,0.25,1998-11-11T17:00:00Z,0.3,175,1,0.04829980980588666,0.51382328610224,0.04829980980588666,0.51382328610224,0.25
8052700,0.25,1998-11-28T11:30:00Z,0,176,0,0.05704633807321925,0.34937559405576823,0.05704633807321925,0.34937559405576823,0.25
8052700,0.25,1998-11-28T22:00:00Z,0.4,176,1,0.05704633807321925,0.34937559405576823,0.05704633807321925,0.34937559405576823,0.25
8052700,0.25,1999-03-01T06:30:00Z,0,177,0,0.05454205227483958,0.2817907497010316,0.262369666964315,4.316936819687267e-27,0.25
8052700,0.25,1999-03-01T17:45:00Z,0.2,177,1,0.05454205227483958,0.2817907497010316,0.262369666964315,4.316936819687267e-27,0.25
8052700,0.25,1999-03-02T17:00:00Z,0.2,177,2,0.05454205227483958,0.2817907497010316,0.262369666964315,4.316936819687267e-27,0.25
8052700,0.25,1999-03-03T20:45:00Z,7.3,177,3,0.05454205227483958,0.2817907497010316,0.262369666964315,4.316936819687267e-27,0.25
8052700,0.25,1999-04-22T18:00:00Z,0,178,0,0.10719425631310883,0.42042093076855713,0.03936849689747876,0.3009894064755279,0.25
8052700,0.25,1999-04-22T22:15:00Z,0.1,178,1,0.10719425631310883,0.42042093076855713,0.03936849689747876,0.3009894064755279,0.25
8052700,0.25,1999-04-23T08:45:00Z,0.2,178,2,0.10719425631310883,0.42042093076855713,0.03936849689747876,0.3009894064755279,0.25
8052700,0.25,1999-04-23T20:15:00Z,0.3,178,3,0.10719425631310883,0.42042093076855713,0.03936849689747876,0.3009894064755279,0.25
8052700,0.25,1999-05-08T05:00:00Z,0.1,179,0,0.6375924708387171,2.5953571591831296e-114,0.6280940051825086,5.911527718678945e-138,0.25
8052700,0.25,1999-05-11T00:00:00Z,513,179,1,0.6375924708387171,2.5953571591831296e-114,0.6280940051825086,5.911527718678945e-138,0.25
8052700,0.25,1999-09-13T08:00:00Z,0,182,0,0.0651938905381395,0.37075074233168515,0.0651938905381395,0.37075074233168515,0.25
8052700,0.25,1999-09-13T18:00:00Z,0.4,182,1,0.0651938905381395,0.37075074233168515,0.0651938905381395,0.37075074233168515,0.25
8052700,0.25,2001-10-10T05:00:00Z,0.1,183,0,-0.07379756257658995,0.6300669234448051,-0.060452675337467475,0.48306586038113164,0.25
8052700,0.25,2001-10-10T10:30:00Z,1.1,183,1,-0.07379756257658995,0.6300669234448051,-0.060452675337467475,0.48306586038113164,0.25
8052700,0.25,2001-10-11T02:30:00Z,0.6,183,2,-0.07379756257658995,0.6300669234448051,-0.060452675337467475,0.48306586038113164,0.25
8052700,0.25,2001-10-29T06:15:00Z,0,184,0,0.07656732593793347,0.3265270222606208,0.04403733895026581,0.07253153877205862,0.25
8052700,0.25,2001-10-29T13:45:00Z,0.1,184,1,0.07656732593793347,0.3265270222606208,0.04403733895026581,0.07253153877205862,0.25
8052700,0.25,2001-10-30T15:15:00Z,0.5,184,2,0.07656732593793347,0.3265270222606208,0.04403733895026581,0.07253153877205862,0.25
8052700,0.25,2001-11-23T01:15:00Z,0,185,0,0.036963536659693194,0.35808187896603694,0.036963536659693194,0.35808187896603694,0.25
8052700,0.25,2001-11-23T17:00:00Z,0.1,185,1,0.036963536659693194,0.35808187896603694,0.036963536659693194,0.35808187896603694,0.25
8052700,0.25,2002-06-25T10:15:00Z,0,186,0,0.1557523382327206,0.35255184843050413,0.08299392994628373,0.06173786015051403,0.25
8052700,0.25,2002-06-25T15:45:00Z,0.1,186,1,0.1557523382327206,0.35255184843050413,0.08299392994628373,0.06173786015051403,0.25
8052700,0.25,2002-06-26T19:45:00Z,0.2,186,2,0.1557523382327206,0.35255184843050413,0.08299392994628373,0.06173786015051403,0.25
8052700,0.25,2002-06-27T14:30:00Z,0.4,186,3,0.1557523382327206,0.35255184843050413,0.08299392994628373,0.06173786015051403,0.25
8052700,0.25,2002-07-13T08:15:00Z,0,187,0,0.10969208618167557,0.16084590854748201,0.10969208618167557,0.16084590854748201,0.25
8052700,0.25,2002-07-13T19:15:00Z,0.3,187,1,0.10969208618167557,0.16084590854748201,0.10969208618167557,0.16084590854748201,0.25
8052700,0.25,2002-08-15T10:00:00Z,0,188,0,0.32158276893932497,0.09706201892898256,-0.17359204945759757,0.0025458799213285113,0.25
8052700,0.25,2002-08-15T17:30:00Z,0.1,188,1,0.32158276893932497,0.09706201892898256,-0.17359204945759757,0.0025458799213285113,0.25
8052700,0.25,2002-08-16T01:15:00Z,0.1,188,2,0.32158276893932497,0.09706201892898256,-0.17359204945759757,0.0025458799213285113,0.25
8052700,0.25,2002-08-17T05:15:00Z,0.1,188,3,0.32158276893932497,0.09706201892898256,-0.17359204945759757,0.0025458799213285113,0.25
8052700,0.25,2002-08-18T15:30:00Z,0.3,188,4,0.32158276893932497,0.09706201892898256,-0.17359204945759757,0.0025458799213285113,0.25
8052700,0.25,2002-08-26T00:45:00Z,0,189,0,0.0828379237242824,0.49474092897556565,0.03847877416362401,0.617858469048908,0.25
8052700,0.25,2002-08-26T08:30:00Z,0.2,189,1,0.0828379237242824,0.49474092897556565,0.03847877416362401,0.617858469048908,0.25
8052700,0.25,2002-08-26T15:30:00Z,0.3,189,2,0.0828379237242824,0.49474092897556565,0.03847877416362401,0.617858469048908,0.25
8052700,0.25,2002-09-03T05:00:00Z,0.1,190,0,-0.024973572259326848,0.6984649517808756,0.036029386867763837,0.0282313415113133,0.25
8052700,0.25,2002-09-04T18:45:00Z,0.1,190,1,-0.024973572259326848,0.6984649517808756,0.036029386867763837,0.0282313415113133,0.25
8052700,0.25,2002-09-05T02:45:00Z,0.2,190,2,-0.024973572259326848,0.6984649517808756,0.036029386867763837,0.0282313415113133,0.25
8052700,0.25,2002-09-05T17:00:00Z,0.5,190,3,-0.024973572259326848,0.6984649517808756,0.036029386867763837,0.0282313415113133,0.25
8052700,0.25,2002-10-05T14:15:00Z,0,191,0,0.34013562099351696,0.16944950889832758,-0.20396052717289584,0.014641418634808442,0.25
8052700,0.25,2002-10-05T19:30:00Z,0.1,191,1,0.34013562099351696,0.16944950889832758,-0.20396052717289584,0.014641418634808442,0.25
8052700,0.25,2002-10-06T00:30:00Z,0.1,191,2,0.34013562099351696,0.16944950889832758,-0.20396052717289584,0.014641418634808442,0.25
8052700,0.25,2002-10-06T05:30:00Z,0.1,191,3,0.34013562099351696,0.16944950889832758,-0.20396052717289584,0.014641418634808442,0.25
8052700,0.25,2002-10-06T16:45:00Z,0.2,191,4,0.34013562099351696,0.16944950889832758,-0.20396052717289584,0.014641418634808442,0.25
8052700,0.25,2002-10-06T18:30:00Z,0.2,191,5,0.34013562099351696,0.16944950889832758,-0.20396052717289584,0.014641418634808442,0.25
8052700,0.25,2002-11-17T23:30:00Z,0,192,0,0.204179535834492,0.45910104903132243,-0.3234961574911986,0.0025879829521080174,0.25
8052700,0.25,2002-11-18T03:15:00Z,0.1,192,1,0.204179535834492,0.45910104903132243,-0.3234961574911986,0.0025879829521080174,0.25
8052700,0.25,2002-11-18T04:45:00Z,0.1,192,2,0.204179535834492,0.45910104903132243,-0.3234961574911986,0.0025879829521080174,0.25
8052700,0.25,2002-11-18T10:00:00Z,0.1,192,3,0.204179535834492,0.45910104903132243,-0.3234961574911986,0.0025879829521080174,0.25
8052700,0.25,2002-11-18T15:00:00Z,0,192,4,0.204179535834492,0.45910104903132243,-0.3234961574911986,0.0025879829521080174,0.25
8052700,0.25,2002-11-18T21:00:00Z,0.1,192,5,0.204179535834492,0.45910104903132243,-0.3234961574911986,0.0025879829521080174,0.25
8052700,0.25,2002-11-19T02:45:00Z,0.1,192,6,0.204179535834492,0.45910104903132243,-0.3234961574911986,0.0025879829521080174,0.25
8052700,0.25,2002-12-23T12:30:00Z,0,193,0,0.5814738312297345,1.8985472102553703e-20,0.5814738312297345,1.8985472102553703e-20,0.25
8052700,0.25,2002-12-24T02:00:00Z,1050,193,1,0.5814738312297345,1.8985472102553703e-20,0.5814738312297345,1.8985472102553703e-20,0.25
8052700,0.25,2003-01-20T09:45:00Z,0,194,0,0.7566653386807626,0.003552727600628851,0.17138097116076928,6.059216303882152e-4,0.25
8052700,0.25,2003-01-20T16:15:00Z,0,194,1,0.7566653386807626,0.003552727600628851,0.17138097116076928,6.059216303882152e-4,0.25
8052700,0.25,2003-01-21T08:30:00Z,0.4,194,2,0.7566653386807626,0.003552727600628851,0.17138097116076928,6.059216303882152e-4,0.25
8052700,0.25,2003-01-21T14:30:00Z,0.5,194,3,0.7566653386807626,0.003552727600628851,0.17138097116076928,6.059216303882152e-4,0.25
8052700,0.25,2003-01-21T21:30:00Z,0.5,194,4,0.7566653386807626,0.003552727600628851,0.17138097116076928,6.059216303882152e-4,0.25
8052700,0.25,2003-01-22T02:45:00Z,0.4,194,5,0.7566653386807626,0.003552727600628851,0.17138097116076928,6.059216303882152e-4,0.25
8052700,0.25,2003-01-27T08:00:00Z,0,195,0,0.9070283226493765,0.008650638691889576,0.34808639228944765,1.2331682360924647e-11,0.5
8052700,0.25,2003-01-27T12:00:00Z,0,195,1,0.9070283226493765,0.008650638691889576,0.34808639228944765,1.2331682360924647e-11,0.5
8052700,0.25,2003-01-27T18:15:00Z,0,195,2,0.9070283226493765,0.008650638691889576,0.34808639228944765,1.2331682360924647e-11,0.5
8052700,0.25,2003-01-28T04:15:00Z,0,195,3,0.9070283226493765,0.008650638691889576,0.34808639228944765,1.2331682360924647e-11,0.5
8052700,0.25,2003-01-28T13:15:00Z,0.1,195,4,0.9070283226493765,0.008650638691889576,0.34808639228944765,1.2331682360924647e-11,0.5
8052700,0.25,2003-01-28T18:30:00Z,0,195,5,0.9070283226493765,0.008650638691889576,0.34808639228944765,1.2331682360924647e-11,0.5
8052700,0.25,2003-01-29T13:00:00Z,0.2,195,6,0.9070283226493765,0.008650638691889576,0.34808639228944765,1.2331682360924647e-11,0.5
8052700,0.25,2003-01-29T17:45:00Z,0.2,195,7,0.9070283226493765,0.008650638691889576,0.34808639228944765,1.2331682360924647e-11,0.5
8052700,0.25,2003-05-15T10:15:00Z,0,196,0,0.2598648637893533,0.23567905986398902,0.13973034424295105,0.00475794775785931,0.25
8052700,0.25,2003-05-15T15:30:00Z,0.1,196,1,0.2598648637893533,0.23567905986398902,0.13973034424295105,0.00475794775785931,0.25
8052700,0.25,2003-05-16T17:00:00Z,0.5,196,2,0.2598648637893533,0.23567905986398902,0.13973034424295105,0.00475794775785931,0.25
8052700,0.25,2003-05-17T03:45:00Z,0.4,196,3,0.2598648637893533,0.23567905986398902,0.13973034424295105,0.00475794775785931,0.25
8052700,0.25,2003-05-19T05:00:00Z,0,197,0,0.08932854692758989,0.8456711339658732,0.7231358560804912,9.994395091401307e-11,0.25
8052700,0.25,2003-05-19T06:45:00Z,0,197,1,0.08932854692758989,0.8456711339658732,0.7231358560804912,9.994395091401307e-11,0.25
8052700,0.25,2003-05-19T13:45:00Z,0,197,2,0.08932854692758989,0.8456711339658732,0.7231358560804912,9.994395091401307e-11,0.25
8052700,0.25,2003-05-19T18:00:00Z,0.1,197,3,0.08932854692758989,0.8456711339658732,0.7231358560804912,9.994395091401307e-11,0.25
8052700,0.25,2003-05-20T10:00:00Z,0,197,4,0.08932854692758989,0.8456711339658732,0.7231358560804912,9.994395091401307e-11,0.25
8052700,0.25,2003-10-04T00:15:00Z,0,199,0,0.11910472923678668,0.5549458296353875,-0.11224819571007524,0.15609308670063954,0.25
8052700,0.25,2003-10-04T04:45:00Z,0.1,199,1,0.11910472923678668,0.5549458296353875,-0.11224819571007524,0.15609308670063954,0.25
8052700,0.25,2003-10-04T08:45:00Z,0.1,199,2,0.11910472923678668,0.5549458296353875,-0.11224819571007524,0.15609308670063954,0.25
8052700,0.25,2003-10-04T18:00:00Z,0.2,199,3,0.11910472923678668,0.5549458296353875,-0.11224819571007524,0.15609308670063954,0.25
8052700,0.25,2003-10-04T23:00:00Z,0.2,199,4,0.11910472923678668,0.5549458296353875,-0.11224819571007524,0.15609308670063954,0.25
8052700,0.25,2004-02-23T08:00:00Z,0,200,0,0.15771309118153518,0.10064849082702419,0.133522819078884,0.11180671670279371,0.25
8052700,0.25,2004-02-23T17:15:00Z,0.2,200,1,0.15771309118153518,0.10064849082702419,0.133522819078884,0.11180671670279371,0.25
8052700,0.25,2004-02-23T21:45:00Z,0.4,200,2,0.15771309118153518,0.10064849082702419,0.133522819078884,0.11180671670279371,0.25
8052700,0.25,2004-04-03T09:30:00Z,0,201,0,0.14888091154598387,0.48484724861130934,0.11472086315501233,0.06321723274153733,0.25
8052700,0.25,2004-04-03T13:45:00Z,0.1,201,1,0.14888091154598387,0.48484724861130934,0.11472086315501233,0.06321723274153733,0.25
8052700,0.25,2004-04-03T18:00:00Z,0.1,201,2,0.14888091154598387,0.48484724861130934,0.11472086315501233,0.06321723274153733,0.25
8052700,0.25,2004-04-04T01:45:00Z,0.1,201,3,0.14888091154598387,0.48484724861130934,0.11472086315501233,0.06321723274153733,0.25
8052700,0.25,2004-04-04T15:00:00Z,0.3,201,4,0.14888091154598387,0.48484724861130934,0.11472086315501233,0.06321723274153733,0.25
8052700,0.25,2004-04-04T16:45:00Z,0.3,201,5,0.14888091154598387,0.48484724861130934,0.11472086315501233,0.06321723274153733,0.25
8052700,0.25,2004-04-04T19:00:00Z,0.2,201,6,0.14888091154598387,0.48484724861130934,0.11472086315501233,0.06321723274153733,0.25
8052700,0.25,2004-04-04T20:30:00Z,0.3,201,7,0.14888091154598387,0.48484724861130934,0.11472086315501233,0.06321723274153733,0.25
8052700,0.25,2004-04-05T00:45:00Z,0.4,201,8,0.14888091154598387,0.48484724861130934,0.11472086315501233,0.06321723274153733,0.25
8052700,0.25,2004-04-05T02:45:00Z,0.3,201,9,0.14888091154598387,0.48484724861130934,0.11472086315501233,0.06321723274153733,0.25
8052700,0.25,2005-08-09T13:15:00Z,0,202,0,0.005094466010607615,0.9171433287554798,0.005094466010607615,0.9171433287554798,0.25
8052700,0.25,2005-08-10T02:30:00Z,0.7,202,1,0.005094466010607615,0.9171433287554798,0.005094466010607615,0.9171433287554798,0.25
8052700,0.25,2005-11-10T23:00:00Z,0,203,0,-0.10719425631310779,0.5576337847611645,-0.06483540828517845,0.5117584108178637,0.25
8052700,0.25,2005-11-11T06:30:00Z,0.1,203,1,-0.10719425631310779,0.5576337847611645,-0.06483540828517845,0.5117584108178637,0.25
8052700,0.25,2005-11-11T20:15:00Z,0.2,203,2,-0.10719425631310779,0.5576337847611645,-0.06483540828517845,0.5117584108178637,0.25
8052700,0.25,2006-03-18T16:15:00Z,0,204,0,0.10719425631310883,0.42042093076855713,0.10719425631310883,0.42042093076855713,0.25
8052700,0.25,2006-03-18T20:30:00Z,0.1,204,1,0.10719425631310883,0.42042093076855713,0.10719425631310883,0.42042093076855713,0.25
8052700,0.25,2006-09-17T20:45:00Z,0,205,0,0.03387334290021654,0.6273612121097545,-0.02803516517041006,0.6032884912795464,0.25
8052700,0.25,2006-09-18T16:15:00Z,0.5,205,1,0.03387334290021654,0.6273612121097545,-0.02803516517041006,0.6032884912795464,0.25
8052700,0.25,2006-09-19T03:00:00Z,0.4,205,2,0.03387334290021654,0.6273612121097545,-0.02803516517041006,0.6032884912795464,0.25
8052700,0.25,2006-10-10T14:15:00Z,0,206,0,0.07146283754207129,0.38149236914591256,0.05429695591347836,0.1477696661985362,0.25
8052700,0.25,2006-10-10T21:00:00Z,0.1,206,1,0.07146283754207129,0.38149236914591256,0.05429695591347836,0.1477696661985362,0.25
8052700,0.25,2006-10-11T10:45:00Z,0.2,206,2,0.07146283754207129,0.38149236914591256,0.05429695591347836,0.1477696661985362,0.25
8052700,0.25,2006-10-12T11:15:00Z,0.2,206,3,0.07146283754207129,0.38149236914591256,0.05429695591347836,0.1477696661985362,0.25
8052700,0.25,2006-11-30T05:45:00Z,0,208,0,0.6142636750514957,4.0544168060980746e-33,0.6142636750514957,4.0544168060980746e-33,0.25
8052700,0.25,2006-11-30T22:00:00Z,157,208,1,0.6142636750514957,4.0544168060980746e-33,0.6142636750514957,4.0544168060980746e-33,0.25
8052700,0.25,2006-12-15T09:00:00Z,0,209,0,0.10719425631310883,0.42042093076855713,0.031914903037759935,0.6003191889801209,0.25
8052700,0.25,2006-12-15T13:15:00Z,0.1,209,1,0.10719425631310883,0.42042093076855713,0.031914903037759935,0.6003191889801209,0.25
8052700,0.25,2006-12-16T04:00:00Z,0.1,209,2,0.10719425631310883,0.42042093076855713,0.031914903037759935,0.6003191889801209,0.25
8052700,0.25,2006-12-16T14:45:00Z,0.2,209,3,0.10719425631310883,0.42042093076855713,0.031914903037759935,0.6003191889801209,0.25
8052700,0.25,2006-12-16T22:15:00Z,0.2,209,4,0.10719425631310883,0.42042093076855713,0.031914903037759935,0.6003191889801209,0.25
8052700,0.25,2007-02-08T06:00:00Z,0.1,210,0,0.027791103488583116,0.7591380516422166,0.0026737934483627305,0.924226134277508,0.25
8052700,0.25,2007-02-09T01:45:00Z,0.1,210,1,0.027791103488583116,0.7591380516422166,0.0026737934483627305,0.924226134277508,0.25
8052700,0.25,2007-02-09T09:15:00Z,0.1,210,2,0.027791103488583116,0.7591380516422166,0.0026737934483627305,0.924226134277508,0.25
8052700,0.25,2007-02-10T08:45:00Z,0.3,210,3,0.027791103488583116,0.7591380516422166,0.0026737934483627305,0.924226134277508,0.25
8052700,0.25,2007-02-23T10:00:00Z,0,211,0,0.07146283754207129,0.38149236914591256,0.059209447973568516,0.08046266904468484,0.25
8052700,0.25,2007-02-23T16:45:00Z,0.1,211,1,0.07146283754207129,0.38149236914591256,0.059209447973568516,0.08046266904468484,0.25
8052700,0.25,2007-02-24T15:00:00Z,0.9,211,2,0.07146283754207129,0.38149236914591256,0.059209447973568516,0.08046266904468484,0.25
8052700,0.25,2008-07-31T05:00:00Z,0.1,212,0,0.3064767176710519,5.394134394194679e-4,0.12161546500473892,0.012577546675806964,0.25
8052700,0.25,2008-08-01T09:45:00Z,0.2,212,1,0.3064767176710519,5.394134394194679e-4,0.12161546500473892,0.012577546675806964,0.25
8052700,0.25,2008-08-01T14:45:00Z,0.3,212,2,0.3064767176710519,5.394134394194679e-4,0.12161546500473892,0.012577546675806964,0.25
8052700,0.25,2008-08-12T07:30:00Z,0,213,0,0.5359712815655411,0.052356306554902234,0.1997278653988237,0.001657496228998817,0.25
8052700,0.25,2008-08-12T09:45:00Z,0.1,213,1,0.5359712815655411,0.052356306554902234,0.1997278653988237,0.001657496228998817,0.25
8052700,0.25,2008-08-12T22:15:00Z,0.3,213,2,0.5359712815655411,0.052356306554902234,0.1997278653988237,0.001657496228998817,0.25
8052700,0.25,2008-08-13T06:15:00Z,0.2,213,3,0.5359712815655411,0.052356306554902234,0.1997278653988237,0.001657496228998817,0.25
8052700,0.25,2008-08-13T10:30:00Z,0.4,213,4,0.5359712815655411,0.052356306554902234,0.1997278653988237,0.001657496228998817,0.25
8052700,0.25,2008-08-13T23:15:00Z,0.2,213,5,0.5359712815655411,0.052356306554902234,0.1997278653988237,0.001657496228998817,0.25
8052700,0.25,2008-10-05T05:00:00Z,0,214,0,0.3201906357404523,0.2285772967545194,0.2278057181544195,1.0063650314344168e-4,0.25
8052700,0.25,2008-10-05T09:30:00Z,0.1,214,1,0.3201906357404523,0.2285772967545194,0.2278057181544195,1.0063650314344168e-4,0.25
8052700,0.25,2008-10-05T16:00:00Z,0,214,2,0.3201906357404523,0.2285772967545194,0.2278057181544195,1.0063650314344168e-4,0.25
8052700,0.25,2008-10-05T18:15:00Z,0,214,3,0.3201906357404523,0.2285772967545194,0.2278057181544195,1.0063650314344168e-4,0.25
8052700,0.25,2008-10-05T20:45:00Z,0.1,214,4,0.3201906357404523,0.2285772967545194,0.2278057181544195,1.0063650314344168e-4,0.25
8052700,0.25,2008-10-06T02:15:00Z,0.1,214,5,0.3201906357404523,0.2285772967545194,0.2278057181544195,1.0063650314344168e-4,0.25
8052700,0.25,2008-10-06T13:30:00Z,0.2,214,6,0.3201906357404523,0.2285772967545194,0.2278057181544195,1.0063650314344168e-4,0.25
8052700,0.25,2008-10-07T13:15:00Z,0.4,214,7,0.3201906357404523,0.2285772967545194,0.2278057181544195,1.0063650314344168e-4,0.25
8052700,0.25,2008-10-07T18:00:00Z,0.4,214,8,0.3201906357404523,0.2285772967545194,0.2278057181544195,1.0063650314344168e-4,0.25
8052700,0.25,2008-10-15T18:45:00Z,0,215,0,0.09528791280595555,0.24252317325848285,0.09528791280595555,0.24252317325848285,0.25
8052700,0.25,2008-10-16T07:45:00Z,0.3,215,1,0.09528791280595555,0.24252317325848285,0.09528791280595555,0.24252317325848285,0.25
8052700,0.25,2008-11-18T06:00:00Z,0,216,0,0.1367273677463113,0.15461579261756725,0.019149270767081936,0.5956121934095232,0.25
8052700,0.25,2008-11-19T01:15:00Z,0.1,216,1,0.1367273677463113,0.15461579261756725,0.019149270767081936,0.5956121934095232,0.25
8052700,0.25,2008-11-20T14:00:00Z,0.2,216,2,0.1367273677463113,0.15461579261756725,0.019149270767081936,0.5956121934095232,0.25
8052700,0.25,2008-11-21T07:30:00Z,0.1,216,3,0.1367273677463113,0.15461579261756725,0.019149270767081936,0.5956121934095232,0.25
8052700,0.25,2008-11-22T08:45:00Z,0.1,216,4,0.1367273677463113,0.15461579261756725,0.019149270767081936,0.5956121934095232,0.25
8052700,0.25,2008-11-23T10:30:00Z,0.1,216,5,0.1367273677463113,0.15461579261756725,0.019149270767081936,0.5956121934095232,0.25
8052700,0.25,2008-12-13T19:45:00Z,0,217,0,0.0801016387150827,0.47557977710862875,0.27407070385023824,0.0037300698273411235,0.25
8052700,0.25,2008-12-14T10:30:00Z,0.2,217,1,0.0801016387150827,0.47557977710862875,0.27407070385023824,0.0037300698273411235,0.25
8052700,0.25,2008-12-14T11:45:00Z,0.2,217,2,0.0801016387150827,0.47557977710862875,0.27407070385023824,0.0037300698273411235,0.25
8052700,0.25,2008-12-14T16:00:00Z,0.2,217,3,0.0801016387150827,0.47557977710862875,0.27407070385023824,0.0037300698273411235,0.25
8052700,0.25,2008-12-14T17:45:00Z,0.3,217,4,0.0801016387150827,0.47557977710862875,0.27407070385023824,0.0037300698273411235,0.25
8052700,0.25,2008-12-14T20:15:00Z,0.3,217,5,0.0801016387150827,0.47557977710862875,0.27407070385023824,0.0037300698273411235,0.25
8052700,0.25,2008-12-15T00:45:00Z,0.3,217,6,0.0801016387150827,0.47557977710862875,0.27407070385023824,0.0037300698273411235,0.25
8052700,0.25,2009-04-12T05:45:00Z,0,218,0,0.16569914351452295,0.03218917331176261,0.18497646714132016,0.0058346584718255885,0.25
8052700,0.25,2009-04-12T18:30:00Z,0.6,218,1,0.16569914351452295,0.03218917331176261,0.18497646714132016,0.0058346584718255885,0.25
8052700,0.25,2009-04-13T01:00:00Z,0.8,218,2,0.16569914351452295,0.03218917331176261,0.18497646714132016,0.0058346584718255885,0.25
8052700,0.25,2009-06-28T10:30:00Z,0,220,0,0.10719425631310883,0.42042093076855713,0.13429969224793084,1.9084222598093796e-7,0.25
8052700,0.25,2009-06-28T14:45:00Z,0.1,220,1,0.10719425631310883,0.42042093076855713,0.13429969224793084,1.9084222598093796e-7,0.25
8052700,0.25,2009-06-29T10:15:00Z,0.1,220,2,0.10719425631310883,0.42042093076855713,0.13429969224793084,1.9084222598093796e-7,0.25
8052700,0.25,2009-06-29T23:15:00Z,1,220,3,0.10719425631310883,0.42042093076855713,0.13429969224793084,1.9084222598093796e-7,0.25
8052700,0.25,2009-07-06T01:30:00Z,0,221,0,0.07146283754207129,0.38149236914591256,0.06927074975581701,0.12193912093877694,0.25
8052700,0.25,2009-07-06T08:15:00Z,0.1,221,1,0.07146283754207129,0.38149236914591256,0.06927074975581701,0.12193912093877694,0.25
8052700,0.25,2009-07-06T18:45:00Z,0.2,221,2,0.07146283754207129,0.38149236914591256,0.06927074975581701,0.12193912093877694,0.25
8052700,0.25,2009-07-07T13:15:00Z,0.2,221,3,0.07146283754207129,0.38149236914591256,0.06927074975581701,0.12193912093877694,0.25
8052700,0.25,2009-07-21T03:45:00Z,0,222,0,0.023795765143501377,0.5757121987460934,0.040347317630287274,2.1644671828578e-7,0.25
8052700,0.25,2009-07-22T01:30:00Z,0.1,222,1,0.023795765143501377,0.5757121987460934,0.040347317630287274,2.1644671828578e-7,0.25
8052700,0.25,2009-07-23T12:30:00Z,0.1,222,2,0.023795765143501377,0.5757121987460934,0.040347317630287274,2.1644671828578e-7,0.25
8052700,0.25,2009-07-28T17:00:00Z,0.8,222,3,0.023795765143501377,0.5757121987460934,0.040347317630287274,2.1644671828578e-7,0.25
8052700,0.25,2010-03-19T05:00:00Z,0,223,0,0.6405631571548925,1.0739743981677858e-46,0.6486351607002991,1.1251105417757131e-131,0.25
8052700,0.25,2010-03-20T23:30:00Z,588,223,1,0.6405631571548925,1.0739743981677858e-46,0.6486351607002991,1.1251105417757131e-131,0.25
8052700,0.25,2010-05-15T06:15:00Z,0,225,0,0.49573566866031793,4.002739752768683e-4,0.49573566866031793,4.002739752768683e-4,0.25
8052700,0.25,2010-05-15T10:45:00Z,33.3,225,1,0.49573566866031793,4.002739752768683e-4,0.49573566866031793,4.002739752768683e-4,0.25
8052700,0.25,2010-07-02T23:45:00Z,0,226,0,-0.016177138161143363,0.8974338131049038,0.15432325173286213,0.007331183473888225,0.25
8052700,0.25,2010-07-03T12:30:00Z,0.2,226,1,-0.016177138161143363,0.8974338131049038,0.15432325173286213,0.007331183473888225,0.25
8052700,0.25,2010-07-04T03:15:00Z,0.2,226,2,-0.016177138161143363,0.8974338131049038,0.15432325173286213,0.007331183473888225,0.25
8052700,0.25,2010-07-04T18:30:00Z,0.4,226,3,-0.016177138161143363,0.8974338131049038,0.15432325173286213,0.007331183473888225,0.25
8052700,0.25,2010-08-19T17:00:00Z,0,227,0,0.0702448644462064,0.09819728977495751,-0.0735993488869606,0.06071320959154232,0.25
8052700,0.25,2010-08-20T11:00:00Z,0.2,227,1,0.0702448644462064,0.09819728977495751,-0.0735993488869606,0.06071320959154232,0.25
8052700,0.25,2010-08-21T17:15:00Z,0.1,227,2,0.0702448644462064,0.09819728977495751,-0.0735993488869606,0.06071320959154232,0.25
8052700,0.25,2010-08-23T08:30:00Z,0.2,227,3,0.0702448644462064,0.09819728977495751,-0.0735993488869606,0.06071320959154232,0.25
8052700,0.25,2010-08-31T05:00:00Z,0.1,228,0,-0.5870161655241632,0.003807553351349859,0.061201973922651295,0.14910617910231003,0.25
8052700,0.25,2010-08-31T12:45:00Z,0,228,1,-0.5870161655241632,0.003807553351349859,0.061201973922651295,0.14910617910231003,0.25
8052700,0.25,2010-08-31T14:45:00Z,0,228,2,-0.5870161655241632,0.003807553351349859,0.061201973922651295,0.14910617910231003,0.25
8052700,0.25,2010-09-01T14:45:00Z,0.2,228,3,-0.5870161655241632,0.003807553351349859,0.061201973922651295,0.14910617910231003,0.25
8052700,0.25,2010-09-02T02:15:00Z,0.3,228,4,-0.5870161655241632,0.003807553351349859,0.061201973922651295,0.14910617910231003,0.25
8052700,0.25,2011-08-15T18:15:00Z,0,230,0,0.009744932392100855,0.36971868007930353,0.004557223473747744,0.2329004233412739,0.25
8052700,0.25,2011-08-17T20:00:00Z,0.1,230,1,0.009744932392100855,0.36971868007930353,0.004557223473747744,0.2329004233412739,0.25
8052700,0.25,2011-08-26T10:30:00Z,0.1,230,2,0.009744932392100855,0.36971868007930353,0.004557223473747744,0.2329004233412739,0.25
8052700,0.25,2013-09-21T12:45:00Z,0,231,0,0.06978030772925706,0.3009605303458799,0.06978030772925706,0.3009605303458799,0.25
8052700,0.25,2013-09-21T21:45:00Z,0.4,231,1,0.06978030772925706,0.3009605303458799,0.06978030772925706,0.3009605303458799,0.25
8052700,0.25,2015-08-05T13:00:00Z,0,232,0,0.05370971986259873,0.4537576618784278,0.05370971986259873,0.4537576618784278,0.25
8052700,0.25,2015-08-05T21:45:00Z,0.3,232,1,0.05370971986259873,0.4537576618784278,0.05370971986259873,0.4537576618784278,0.25
8052700,0.25,2015-08-27T05:00:00Z,0,233,0,0.016037525653327965,0.23229886654764526,0.004088281740254139,0.060205733068708134,0.25
8052700,0.25,2015-08-29T20:30:00Z,0.1,233,1,0.016037525653327965,0.23229886654764526,0.004088281740254139,0.060205733068708134,0.25
8052700,0.25,2015-09-13T22:45:00Z,0.1,233,2,0.016037525653327965,0.23229886654764526,0.004088281740254139,0.060205733068708134,0.25
8052700,0.25,2015-09-20T15:45:00Z,0.1,233,3,0.016037525653327965,0.23229886654764526,0.004088281740254139,0.060205733068708134,0.25
8052700,0.25,2015-09-29T03:30:00Z,0.1,233,4,0.016037525653327965,0.23229886654764526,0.004088281740254139,0.060205733068708134,0.25
8052700,0.25,2015-10-10T19:15:00Z,0.1,233,5,0.016037525653327965,0.23229886654764526,0.004088281740254139,0.060205733068708134,0.25
8052700,0.25,2016-08-14T05:00:00Z,0,234,0,0.10719425631311004,0.769874999892133,0.10837002197090648,0.03664439015085632,0.25
8052700,0.25,2016-08-14T07:45:00Z,0.1,234,1,0.10719425631311004,0.769874999892133,0.10837002197090648,0.03664439015085632,0.25
8052700,0.25,2016-08-14T15:45:00Z,0.2,234,2,0.10719425631311004,0.769874999892133,0.10837002197090648,0.03664439015085632,0.25
8052700,0.25,2016-08-15T04:15:00Z,0.3,234,3,0.10719425631311004,0.769874999892133,0.10837002197090648,0.03664439015085632,0.25
8052700,0.25,2016-08-15T15:15:00Z,0.4,234,4,0.10719425631311004,0.769874999892133,0.10837002197090648,0.03664439015085632,0.25
8052700,0.25,2016-09-10T06:15:00Z,0,235,0,0.10719425631310882,0.3061837232992526,0.0574727420849105,0.25959961319596486,0.25
8052700,0.25,2016-09-10T11:30:00Z,0.1,235,1,0.10719425631310882,0.3061837232992526,0.0574727420849105,0.25959961319596486,0.25
8052700,0.25,2016-09-10T21:45:00Z,0.2,235,2,0.10719425631310882,0.3061837232992526,0.0574727420849105,0.25959961319596486,0.25
8052700,0.25,2016-09-18T09:30:00Z,0,236,0,0.10719425631310883,0.42042093076855713,0.06487211122158246,0.07340669080099732,0.25
8052700,0.25,2016-09-18T13:45:00Z,0.1,236,1,0.10719425631310883,0.42042093076855713,0.06487211122158246,0.07340669080099732,0.25
8052700,0.25,2016-09-19T15:00:00Z,0.3,236,2,0.10719425631310883,0.42042093076855713,0.06487211122158246,0.07340669080099732,0.25
8052700,0.25,2016-10-07T06:15:00Z,0,237,0,0.15117290023076824,0.019849425971165298,0.07737350399798486,0.07333174610059781,0.25
8052700,0.25,2016-10-07T15:45:00Z,0.8,237,1,0.15117290023076824,0.019849425971165298,0.07737350399798486,0.07333174610059781,0.25
8052700,0.25,2016-10-07T22:15:00Z,0.5,237,2,0.15117290023076824,0.019849425971165298,0.07737350399798486,0.07333174610059781,0.25
8052700,0.25,2016-10-08T11:15:00Z,0.9,237,3,0.15117290023076824,0.019849425971165298,0.07737350399798486,0.07333174610059781,0.25
8052700,0.25,2017-08-03T06:15:00Z,0,238,0,0.07146283754207129,0.38149236914591256,0.08101888419053734,0.1752992391342154,0.25
8052700,0.25,2017-08-03T13:00:00Z,0.1,238,1,0.07146283754207129,0.38149236914591256,0.08101888419053734,0.1752992391342154,0.25
8052700,0.25,2017-08-03T23:45:00Z,0.2,238,2,0.07146283754207129,0.38149236914591256,0.08101888419053734,0.1752992391342154,0.25
8052700,0.25,2017-09-11T12:00:00Z,0,239,0,-0.002282949355578609,0.9023555278689228,-0.010921073831513813,0.15479200055018547,0.25
8052700,0.25,2017-09-14T06:15:00Z,0.1,239,1,-0.002282949355578609,0.9023555278689228,-0.010921073831513813,0.15479200055018547,0.25
8052700,0.25,2017-09-25T09:30:00Z,0.1,239,2,-0.002282949355578609,0.9023555278689228,-0.010921073831513813,0.15479200055018547,0.25
8052700,0.25,2017-09-30T17:30:00Z,0.1,239,3,-0.002282949355578609,0.9023555278689228,-0.010921073831513813,0.15479200055018547,0.25
8052700,0.25,2018-06-18T01:00:00Z,0,240,0,0.07146283754207129,0.38149236914591256,0.11171498226278452,0.037358744615971315,0.25
8052700,0.25,2018-06-18T07:45:00Z,0.1,240,1,0.07146283754207129,0.38149236914591256,0.11171498226278452,0.037358744615971315,0.25
8052700,0.25,2018-06-19T08:30:00Z,0.2,240,2,0.07146283754207129,0.38149236914591256,0.11171498226278452,0.037358744615971315,0.25
8052700,0.25,2018-07-27T15:00:00Z,0,241,0,0.043629801606512315,0.5785032449137093,0.043629801606512315,0.5785032449137093,0.25
8052700,0.25,2018-07-27T23:00:00Z,2,241,1,0.043629801606512315,0.5785032449137093,0.043629801606512315,0.5785032449137093,0.25
8052700,0.25,2018-08-10T10:00:00Z,0,242,0,0.062200913652218866,0.3601365989253671,0.062200913652218866,0.3601365989253671,0.25
8052700,0.25,2018-08-10T17:00:00Z,1,242,1,0.062200913652218866,0.3601365989253671,0.062200913652218866,0.3601365989253671,0.25
8052700,0.25,2019-07-30T21:00:00Z,0,243,0,0.030747095838024794,0.5069841891159178,0.030663524956574727,0.4024284326880665,0.25
8052700,0.25,2019-07-31T09:00:00Z,0.4,243,1,0.030747095838024794,0.5069841891159178,0.030663524956574727,0.4024284326880665,0.25
8052700,0.25,2019-07-31T23:30:00Z,0.5,243,2,0.030747095838024794,0.5069841891159178,0.030663524956574727,0.4024284326880665,0.25
8052700,0.25,2020-05-16T13:30:00Z,0,244,0,0.5026770995132248,2.1914173490908393e-12,0.30163009660225776,1.0000670132768506e-7,0.25
8052700,0.25,2020-05-17T02:00:00Z,162,244,1,0.5026770995132248,2.1914173490908393e-12,0.30163009660225776,1.0000670132768506e-7,0.25
8052700,0.25,2020-05-17T13:00:00Z,194,244,2,0.5026770995132248,2.1914173490908393e-12,0.30163009660225776,1.0000670132768506e-7,0.25
8052700,0.25,2020-07-20T08:30:00Z,0,245,0,0.10719425631310883,0.42042093076855713,-0.07340184192725323,0.1466354292761446,0.25
8052700,0.25,2020-07-20T12:45:00Z,0.1,245,1,0.10719425631310883,0.42042093076855713,-0.07340184192725323,0.1466354292761446,0.25
8052700,0.25,2020-07-20T22:45:00Z,0.1,245,2,0.10719425631310883,0.42042093076855713,-0.07340184192725323,0.1466354292761446,0.25
8052700,0.25,2020-07-22T02:15:00Z,0.3,245,3,0.10719425631310883,0.42042093076855713,-0.07340184192725323,0.1466354292761446,0.25
8052700,0.25,2020-08-04T05:30:00Z,0,246,0,0.07146283754207354,0.577752709449731,0.05774795920002208,0.1063790516369071,0.25
8052700,0.25,2020-08-04T10:30:00Z,0.1,246,1,0.07146283754207354,0.577752709449731,0.05774795920002208,0.1063790516369071,0.25
8052700,0.25,2020-08-05T02:15:00Z,0.1,246,2,0.07146283754207354,0.577752709449731,0.05774795920002208,0.1063790516369071,0.25
8052700,0.25,2020-08-06T09:15:00Z,0.3,246,3,0.07146283754207354,0.577752709449731,0.05774795920002208,0.1063790516369071,0.25
8052700,0.25,2020-08-16T22:15:00Z,0,247,0,0.08509665653656993,0.11525970386514767,0.08509665653656993,0.11525970386514767,0.25
8052700,0.25,2020-08-17T09:30:00Z,1.3,247,1,0.08509665653656993,0.11525970386514767,0.08509665653656993,0.11525970386514767,0.25
8052700,0.25,2020-10-23T08:30:00Z,0,249,0,0.21889220446474614,6.257190694063341e-4,0.28534653449250846,3.086739183365576e-7,0.25
8052700,0.25,2020-10-23T18:45:00Z,4.1,249,1,0.21889220446474614,6.257190694063341e-4,0.28534653449250846,3.086739183365576e-7,0.25
8052700,0.25,2020-10-24T03:00:00Z,10.5,249,2,0.21889220446474614,6.257190694063341e-4,0.28534653449250846,3.086739183365576e-7,0.25
8052700,0.25,2021-03-21T05:00:00Z,0.1,250,0,0.17064925233337913,0.0024162974554201525,0.2564417672468643,7.041193987576256e-36,0.25
8052700,0.25,2021-03-23T04:45:00Z,0.3,250,1,0.17064925233337913,0.0024162974554201525,0.2564417672468643,7.041193987576256e-36,0.25
8052700,0.25,2021-03-23T19:45:00Z,3.9,250,2,0.17064925233337913,0.0024162974554201525,0.2564417672468643,7.041193987576256e-36,0.25
8052700,0.25,2021-08-17T17:45:00Z,0,251,0,0.19636086662114136,0.02555527673658241,0.19636086662114136,0.02555527673658241,0.25
8052700,0.25,2021-08-18T01:45:00Z,0.5,251,1,0.19636086662114136,0.02555527673658241,0.19636086662114136,0.02555527673658241,0.25
8052700,0.25,2022-09-28T15:15:00Z,0,252,0,0.04228357344562683,0.198267835713118,0.09705332241990312,4.753476435047222e-21,0.25
8052700,0.25,2022-09-29T06:30:00Z,0.2,252,1,0.04228357344562683,0.198267835713118,0.09705332241990312,4.753476435047222e-21,0.25
8052700,0.25,2022-09-30T18:15:00Z,0.1,252,2,0.04228357344562683,0.198267835713118,0.09705332241990312,4.753476435047222e-21,0.25
8052700,0.25,2022-10-06T01:00:00Z,0.5,252,3,0.04228357344562683,0.198267835713118,0.09705332241990312,4.753476435047222e-21,0.25
8052700,0.25,2022-10-22T05:00:00Z,0.1,253,0,0.16580643672755,0.01625217037390272,0.1557918198372019,2.375422048115972e-7,0.25
8052700,0.25,2022-10-23T15:15:00Z,0.3,253,1,0.16580643672755,0.01625217037390272,0.1557918198372019,2.375422048115972e-7,0.25
8052700,0.25,2023-09-12T10:45:00Z,0,254,0,0.679526766092972,8.783120927468721e-6,0.679526766092972,8.783120927468721e-6,0.25
8052700,0.25,2023-09-12T13:45:00Z,13.2,254,1,0.679526766092972,8.783120927468721e-6,0.679526766092972,8.783120927468721e-6,0.25
8052700,0.25,2023-09-22T17:15:00Z,0,255,0,0.30103918001792107,0.03468336171565941,0.30103918001792107,0.03468336171565941,0.25
8052700,0.25,2023-09-22T21:15:00Z,7.1,255,1,0.30103918001792107,0.03468336171565941,0.30103918001792107,0.03468336171565941,0.25
8052700,0.25,2023-09-26T04:45:00Z,0,256,0,0.47648734567154294,5.35599005694632e-4,0.47648734567154294,5.35599005694632e-4,0.25
8052700,0.25,2023-09-26T08:15:00Z,13.4,256,1,0.47648734567154294,5.35599005694632e-4,0.47648734567154294,5.35599005694632e-4,0.25
11128500,0.25,1988-11-02T19:41:00Z,0,287,0,0.05990128253487771,0.4648259726853492,0.05990128253487771,0.4648259726853492,0.2
11128500,0.25,1988-11-03T23:08:00Z,50,287,1,0.05990128253487771,0.4648259726853492,0.05990128253487771,0.4648259726853492,0.2
11128500,0.25,1988-11-12T10:45:00Z,0,288,0,0.22566148545819434,0.16222038539611197,0.17491930044045848,1.1794738152357384e-9,0.25
11128500,0.25,1988-11-12T14:00:00Z,0.5,288,1,0.22566148545819434,0.16222038539611197,0.17491930044045848,1.1794738152357384e-9,0.25
11128500,0.25,1988-11-13T04:30:00Z,0.4,288,2,0.22566148545819434,0.16222038539611197,0.17491930044045848,1.1794738152357384e-9,0.25
11128500,0.25,1988-11-13T10:15:00Z,1.2,288,3,0.22566148545819434,0.16222038539611197,0.17491930044045848,1.1794738152357384e-9,0.25
11128500,0.25,1988-11-14T03:45:00Z,0.7,288,4,0.22566148545819434,0.16222038539611197,0.17491930044045848,1.1794738152357384e-9,0.25
11128500,0.25,1988-12-17T08:30:00Z,0,289,0,0.19714788332147626,0.04734961739128434,0.03479047290141874,0.5784857610753327,0.25
11128500,0.25,1988-12-17T21:15:00Z,4.2,289,1,0.19714788332147626,0.04734961739128434,0.03479047290141874,0.5784857610753327,0.25
11128500,0.25,1988-12-18T02:45:00Z,4.5,289,2,0.19714788332147626,0.04734961739128434,0.03479047290141874,0.5784857610753327,0.25
11128500,0.25,1988-12-18T12:15:00Z,4.7,289,3,0.19714788332147626,0.04734961739128434,0.03479047290141874,0.5784857610753327,0.25
11128500,0.25,1988-12-19T00:15:00Z,3.3,289,4,0.19714788332147626,0.04734961739128434,0.03479047290141874,0.5784857610753327,0.25
11128500,0.25,1989-02-07T09:00:00Z,0,290,0,0.4323687059600142,0.03538085953257692,0.15548490326075795,5.984996140327807e-11,0.25
11128500,0.25,1989-02-07T11:30:00Z,0.2,290,1,0.4323687059600142,0.03538085953257692,0.15548490326075795,5.984996140327807e-11,0.25
11128500,0.25,1989-02-08T19:45:00Z,0.8,290,2,0.4323687059600142,0.03538085953257692,0.15548490326075795,5.984996140327807e-11,0.25
11128500,0.25,1989-02-09T02:30:00Z,1.6,290,3,0.4323687059600142,0.03538085953257692,0.15548490326075795,5.984996140327807e-11,0.25
11128500,0.25,1989-01-12T08:00:00Z,2.3,293,0,NA,NA,-0.4645009805914934,0.080454718721834,0.25
11128500,0.25,1989-01-12T10:00:00Z,2.5,293,1,NA,NA,-0.4645009805914934,0.080454718721834,0.25
11128500,0.25,1989-01-12T15:00:00Z,2.5,293,2,NA,NA,-0.4645009805914934,0.080454718721834,0.25
11128500,0.25,1989-01-12T19:15:00Z,2.3,293,3,NA,NA,-0.4645009805914934,0.080454718721834,0.25
11128500,0.25,1989-01-12T23:30:00Z,2.1,293,4,NA,NA,-0.4645009805914934,0.080454718721834,0.25
11128500,0.25,1989-01-13T11:15:00Z,2.7,293,5,NA,NA,-0.4645009805914934,0.080454718721834,0.25
11128500,0.25,1989-01-13T17:00:00Z,2.3,293,6,NA,NA,-0.4645009805914934,0.080454718721834,0.25
11128500,0.25,1989-01-13T21:45:00Z,2.5,293,7,NA,NA,-0.4645009805914934,0.080454718721834,0.25
11128500,0.25,1989-01-14T02:15:00Z,2.1,293,8,NA,NA,-0.4645009805914934,0.080454718721834,0.25
11128500,0.25,1990-02-17T12:15:00Z,0,294,0,0.13305383122456074,0.2645780871543486,0.13305383122456074,0.2645780871543486,0.25
11128500,0.25,1990-02-17T17:00:00Z,5,294,1,0.13305383122456074,0.2645780871543486,0.13305383122456074,0.2645780871543486,0.25
11128500,0.25,1991-05-03T21:45:00Z,0,297,0,0.06827665023870359,0.4481321911723425,0.026604030432005477,0.6219115834661575,0.25
11128500,0.25,1991-05-04T04:30:00Z,0.2,297,1,0.06827665023870359,0.4481321911723425,0.026604030432005477,0.6219115834661575,0.25
11128500,0.25,1991-05-04T12:00:00Z,0.3,297,2,0.06827665023870359,0.4481321911723425,0.026604030432005477,0.6219115834661575,0.25
11128500,0.25,1991-06-10T07:30:00Z,0,298,0,0.007938186519979377,0.9312751023110054,0.007938186519979377,0.9312751023110054,0.25
11128500,0.25,1991-06-11T01:30:00Z,55,298,1,0.007938186519979377,0.9312751023110054,0.007938186519979377,0.9312751023110054,0.25
11128500,0.25,1992-02-09T08:00:00Z,0,301,0,0.12894397741906538,0.3688462917839306,0.14427500784975433,0.043345749974041184,0.25
11128500,0.25,1992-02-09T11:45:00Z,1.8,301,1,0.12894397741906538,0.3688462917839306,0.14427500784975433,0.043345749974041184,0.25
11128500,0.25,1992-02-09T23:30:00Z,1.8,301,2,0.12894397741906538,0.3688462917839306,0.14427500784975433,0.043345749974041184,0.25
11128500,0.25,1992-08-23T08:15:00Z,0,302,0,0.095511477582263,0.20317236105347974,-0.018198511560644663,0.7396097249316522,0.25
11128500,0.25,1992-08-24T01:30:00Z,19,302,1,0.095511477582263,0.20317236105347974,-0.018198511560644663,0.7396097249316522,0.25
11128500,0.25,1992-08-24T13:45:00Z,25,302,2,0.095511477582263,0.20317236105347974,-0.018198511560644663,0.7396097249316522,0.25
11128500,0.25,1992-08-24T20:30:00Z,31,302,3,0.095511477582263,0.20317236105347974,-0.018198511560644663,0.7396097249316522,0.25
11128500,0.25,1992-08-25T01:15:00Z,31,302,4,0.095511477582263,0.20317236105347974,-0.018198511560644663,0.7396097249316522,0.25
11128500,0.25,1993-11-03T19:45:00Z,0,305,0,0.08312991943576634,0.4196571085581988,0.08312991943576634,0.4196571085581988,0.25
11128500,0.25,1993-11-04T01:30:00Z,2,305,1,0.08312991943576634,0.4196571085581988,0.08312991943576634,0.4196571085581988,0.25
11128500,0.25,1994-06-13T23:00:00Z,0,306,0,0.10719425631310883,0.42042093076855713,0.10719425631310883,0.42042093076855713,0.25
11128500,0.25,1994-06-14T03:15:00Z,0.1,306,1,0.10719425631310883,0.42042093076855713,0.10719425631310883,0.42042093076855713,0.25
11128500,0.25,1996-07-21T07:00:00Z,1.7,309,0,0.6358499435074079,1.0353056598983706e-10,0.20359375940034122,0.00270468839842377,0.25
11128500,0.25,1996-07-22T02:15:00Z,53,309,1,0.6358499435074079,1.0353056598983706e-10,0.20359375940034122,0.00270468839842377,0.25
11128500,0.25,1996-07-22T21:45:00Z,76,309,2,0.6358499435074079,1.0353056598983706e-10,0.20359375940034122,0.00270468839842377,0.25
11128500,0.25,1996-07-23T03:00:00Z,78,309,3,0.6358499435074079,1.0353056598983706e-10,0.20359375940034122,0.00270468839842377,0.25
11128500,0.25,1997-04-23T09:45:00Z,0,310,0,0.014638083023316163,0.7767873133505214,0.014638083023316163,0.7767873133505214,0.25
11128500,0.25,1997-04-23T22:30:00Z,0.9,310,1,0.014638083023316163,0.7767873133505214,0.014638083023316163,0.7767873133505214,0.25
11128500,0.25,1997-07-16T11:00:00Z,0,311,0,0.10456222240991209,0.2997646783605563,0.10456222240991209,0.2997646783605563,0.25
11128500,0.25,1997-07-17T00:45:00Z,34,311,1,0.10456222240991209,0.2997646783605563,0.10456222240991209,0.2997646783605563,0.25
11128500,0.25,2002-08-03T05:15:00Z,0,312,0,0.032662737907237935,0.7439966668411646,0.032662737907237935,0.7439966668411646,0.25
11128500,0.25,2002-08-04T03:30:00Z,91,312,1,0.032662737907237935,0.7439966668411646,0.032662737907237935,0.7439966668411646,0.25
11128500,0.25,2003-01-04T08:00:00Z,11,313,0,1.961217086150083,0.06199286810263533,-1.7046147143307528,0.09197999118364052,0.25
11128500,0.25,2003-01-05T04:15:00Z,14,313,1,1.961217086150083,0.06199286810263533,-1.7046147143307528,0.09197999118364052,0.25
11128500,0.25,2003-01-05T17:30:00Z,12,313,2,1.961217086150083,0.06199286810263533,-1.7046147143307528,0.09197999118364052,0.25
11128500,0.25,2003-01-06T01:15:00Z,11,313,3,1.961217086150083,0.06199286810263533,-1.7046147143307528,0.09197999118364052,0.25
11128500,0.25,2003-01-06T05:30:00Z,11,313,4,1.961217086150083,0.06199286810263533,-1.7046147143307528,0.09197999118364052,0.25
11128500,0.25,2004-07-17T07:45:00Z,0,314,0,0.291401330642933,0.03639809443672838,0.21518361589133486,0.1306949905058598,0.25
11128500,0.25,2004-07-17T18:45:00Z,81,314,1,0.291401330642933,0.03639809443672838,0.21518361589133486,0.1306949905058598,0.25
11128500,0.25,2004-07-18T01:30:00Z,87,314,2,0.291401330642933,0.03639809443672838,0.21518361589133486,0.1306949905058598,0.25
11128500,0.25,2004-07-18T09:15:00Z,94,314,3,0.291401330642933,0.03639809443672838,0.21518361589133486,0.1306949905058598,0.25
11128500,0.25,2004-07-18T13:45:00Z,93,314,4,0.291401330642933,0.03639809443672838,0.21518361589133486,0.1306949905058598,0.25
11128500,0.25,2004-07-18T22:15:00Z,105,314,5,0.291401330642933,0.03639809443672838,0.21518361589133486,0.1306949905058598,0.25
11128500,0.25,2010-07-25T00:30:00Z,0,316,0,1.0719425631310813,1.417864182965406e-91,0.1797881200244086,1.4340091593650738e-5,0.25
11128500,0.25,2010-07-25T02:30:00Z,0.1,316,1,1.0719425631310813,1.417864182965406e-91,0.1797881200244086,1.4340091593650738e-5,0.25
11128500,0.25,2010-07-25T22:00:00Z,0.2,316,2,1.0719425631310813,1.417864182965406e-91,0.1797881200244086,1.4340091593650738e-5,0.25
11128500,0.25,2010-07-26T02:00:00Z,0.4,316,3,1.0719425631310813,1.417864182965406e-91,0.1797881200244086,1.4340091593650738e-5,0.25
11128500,0.25,2010-07-31T21:30:00Z,0,317,0,0.1808694641829285,0.0852254175691278,0.1808694641829285,0.0852254175691278,0.25
11128500,0.25,2010-08-01T02:30:00Z,0.7,317,1,0.1808694641829285,0.0852254175691278,0.1808694641829285,0.0852254175691278,0.25
11128500,0.25,2014-09-14T12:30:00Z,0,321,0,0.1328235265339278,0.09224107306298876,0.1021735488420723,0.138675838765797,0.25
11128500,0.25,2014-09-14T21:00:00Z,3,321,1,0.1328235265339278,0.09224107306298876,0.1021735488420723,0.138675838765797,0.25
11128500,0.25,2014-09-15T02:15:00Z,3.4,321,2,0.1328235265339278,0.09224107306298876,0.1021735488420723,0.138675838765797,0.25
11128500,0.25,2015-01-04T08:00:00Z,5.3,323,0,7.565861293675446,0.058578555655378055,-2.8196123194079497,0.038759466538213924,0.25
11128500,0.25,2015-01-04T12:30:00Z,5.5,323,1,7.565861293675446,0.058578555655378055,-2.8196123194079497,0.038759466538213924,0.25
11128500,0.25,2015-01-04T18:15:00Z,5.3,323,2,7.565861293675446,0.058578555655378055,-2.8196123194079497,0.038759466538213924,0.25
11128500,0.25,2015-01-05T03:00:00Z,5.3,323,3,7.565861293675446,0.058578555655378055,-2.8196123194079497,0.038759466538213924,0.25
11128500,0.25,2015-01-05T13:45:00Z,5.3,323,4,7.565861293675446,0.058578555655378055,-2.8196123194079497,0.038759466538213924,0.25
11128500,0.25,2015-01-05T18:15:00Z,5.1,323,5,7.565861293675446,0.058578555655378055,-2.8196123194079497,0.038759466538213924,0.25
11128500,0.25,2015-01-05T23:45:00Z,5.3,323,6,7.565861293675446,0.058578555655378055,-2.8196123194079497,0.038759466538213924,0.25
11128500,0.25,2016-12-15T13:45:00Z,0,327,0,1.213517652755604,9.32051187163998e-20,0.8766162002608261,3.908839913897656e-263,0.25
11128500,0.25,2016-12-16T03:15:00Z,0.4,327,1,1.213517652755604,9.32051187163998e-20,0.8766162002608261,3.908839913897656e-263,0.25
11128500,0.25,2016-12-24T04:45:00Z,0,327,2,1.213517652755604,9.32051187163998e-20,0.8766162002608261,3.908839913897656e-263,0.25
11128500,0.25,2016-12-23T08:00:00Z,0,328,0,0.8273837014517847,1.1435326046528856e-24,0.8273837014517847,1.1435326046528856e-24,0.25
11128500,0.25,2016-12-24T03:15:00Z,3.6,328,1,0.8273837014517847,1.1435326046528856e-24,0.8273837014517847,1.1435326046528856e-24,0.25
11128500,0.25,2017-01-16T20:45:00Z,0,330,0,0.10719425631310883,0.42042093076855713,0.10719425631310883,0.42042093076855713,0.25
11128500,0.25,2017-01-17T01:00:00Z,0.1,330,1,0.10719425631310883,0.42042093076855713,0.10719425631310883,0.42042093076855713,0.25
11128500,0.25,2017-05-07T15:00:00Z,0,331,0,0.12201879728494633,0.12838478402127781,0.12201879728494633,0.12838478402127781,0.25
11128500,0.25,2017-05-08T02:00:00Z,1.1,331,1,0.12201879728494633,0.12838478402127781,0.12201879728494633,0.12838478402127781,0.25
11128500,0.25,2017-05-13T22:30:00Z,0,332,0,0.42626291614072237,0.003016801563177461,0.3065267272057295,2.261357480547958e-10,0.25
11128500,0.25,2017-05-14T02:15:00Z,0.5,332,1,0.42626291614072237,0.003016801563177461,0.3065267272057295,2.261357480547958e-10,0.25
11128500,0.25,2017-05-14T19:00:00Z,0.5,332,2,0.42626291614072237,0.003016801563177461,0.3065267272057295,2.261357480547958e-10,0.25
11128500,0.25,2017-05-15T02:45:00Z,1.1,332,3,0.42626291614072237,0.003016801563177461,0.3065267272057295,2.261357480547958e-10,0.25
11128500,0.25,2017-05-18T00:45:00Z,0,333,0,0.9379497427396966,0.010130721466576132,0.39823453473178444,1.3019651665979015e-13,0.25
11128500,0.25,2017-05-18T03:15:00Z,0.1,333,1,0.9379497427396966,0.010130721466576132,0.39823453473178444,1.3019651665979015e-13,0.25
11128500,0.25,2017-05-18T12:45:00Z,0.2,333,2,0.9379497427396966,0.010130721466576132,0.39823453473178444,1.3019651665979015e-13,0.25
11128500,0.25,2017-05-19T02:15:00Z,0.8,333,3,0.9379497427396966,0.010130721466576132,0.39823453473178444,1.3019651665979015e-13,0.25
11128500,0.25,2018-03-10T21:00:00Z,0,335,0,1.015584759610204,1.2249434437871285e-14,1.183386254406572,4.014695237788481e-13,0.25
11128500,0.25,2018-03-10T23:15:00Z,4.9,335,1,1.015584759610204,1.2249434437871285e-14,1.183386254406572,4.014695237788481e-13,0.25
11128500,0.25,2018-03-11T03:45:00Z,0.1,335,2,1.015584759610204,1.2249434437871285e-14,1.183386254406572,4.014695237788481e-13,0.25
11128500,0.25,2018-03-19T08:00:00Z,0,336,0,1.0719425631310822,1.5104496941101918e-102,0.439138311194258,7.975488790877326e-20,0.25
11128500,0.25,2018-03-19T10:15:00Z,0.1,336,1,1.0719425631310822,1.5104496941101918e-102,0.439138311194258,7.975488790877326e-20,0.25
11128500,0.25,2018-03-20T03:00:00Z,0.1,336,2,1.0719425631310822,1.5104496941101918e-102,0.439138311194258,7.975488790877326e-20,0.25
11128500,0.25,2018-03-20T08:45:00Z,0.1,336,3,1.0719425631310822,1.5104496941101918e-102,0.439138311194258,7.975488790877326e-20,0.25
11128500,0.25,2018-03-20T15:00:00Z,0.1,336,4,1.0719425631310822,1.5104496941101918e-102,0.439138311194258,7.975488790877326e-20,0.25
11128500,0.25,2018-03-20T21:00:00Z,0.1,336,5,1.0719425631310822,1.5104496941101918e-102,0.439138311194258,7.975488790877326e-20,0.25
11128500,0.25,2018-03-21T01:45:00Z,0.7,336,6,1.0719425631310822,1.5104496941101918e-102,0.439138311194258,7.975488790877326e-20,0.25
11128500,0.25,2018-03-21T04:15:00Z,0.9,336,7,1.0719425631310822,1.5104496941101918e-102,0.439138311194258,7.975488790877326e-20,0.25
11128500,0.25,2018-01-04T08:00:00Z,0.6,338,0,1.0741582599578374,0.23554440113914646,0.25030136847629963,0.05033641618012112,0.25
11128500,0.25,2018-01-04T08:45:00Z,0.9,338,1,1.0741582599578374,0.23554440113914646,0.25030136847629963,0.05033641618012112,0.25
11128500,0.25,2018-01-04T16:15:00Z,5.9,338,2,1.0741582599578374,0.23554440113914646,0.25030136847629963,0.05033641618012112,0.25
11128500,0.25,2018-01-05T08:30:00Z,3.2,338,3,1.0741582599578374,0.23554440113914646,0.25030136847629963,0.05033641618012112,0.25
11128500,0.25,2018-01-05T20:15:00Z,2.1,338,4,1.0741582599578374,0.23554440113914646,0.25030136847629963,0.05033641618012112,0.25
11128500,0.25,2018-01-05T21:45:00Z,2.8,338,5,1.0741582599578374,0.23554440113914646,0.25030136847629963,0.05033641618012112,0.25
11128500,0.25,2018-01-06T05:30:00Z,3,338,6,1.0741582599578374,0.23554440113914646,0.25030136847629963,0.05033641618012112,0.25
11128500,0.25,2019-07-25T21:45:00Z,0,340,0,0.342005518035263,0.027994550102912952,0.288602891590553,9.61341618975051e-13,0.25
11128500,0.25,2019-07-26T01:15:00Z,0.3,340,1,0.342005518035263,0.027994550102912952,0.288602891590553,9.61341618975051e-13,0.25
11128500,0.25,2019-07-27T01:00:00Z,0.7,340,2,0.342005518035263,0.027994550102912952,0.288602891590553,9.61341618975051e-13,0.25
11128500,0.25,2019-07-27T23:30:00Z,0,341,0,0.571033962454346,4.990406767397121e-4,0.2606112685460911,3.751981393355409e-11,0.25
11128500,0.25,2019-07-28T02:15:00Z,0.3,341,1,0.571033962454346,4.990406767397121e-4,0.2606112685460911,3.751981393355409e-11,0.25
11128500,0.25,2019-07-29T01:00:00Z,0.8,341,2,0.571033962454346,4.990406767397121e-4,0.2606112685460911,3.751981393355409e-11,0.25
11128500,0.25,2019-12-04T14:30:00Z,0,342,0,1.0629436621956572,6.934108882387611e-10,1.0629436621956572,6.934108882387611e-10,0.25
11128500,0.25,2019-12-04T16:45:00Z,4.8,342,1,1.0629436621956572,6.934108882387611e-10,1.0629436621956572,6.934108882387611e-10,0.25
11128500,0.25,2019-12-08T15:00:00Z,0,343,0,1.0345736545278268,3.606353369359472e-92,0.8746813419155258,4.820962127081046e-16,0.25
11128500,0.25,2019-12-08T17:00:00Z,1.3,343,1,1.0345736545278268,3.606353369359472e-92,0.8746813419155258,4.820962127081046e-16,0.25
11128500,0.25,2019-12-09T00:15:00Z,2.4,343,2,1.0345736545278268,3.606353369359472e-92,0.8746813419155258,4.820962127081046e-16,0.25
